id,name,description,family,genus,wikipedia_url,eol_id,countries__ids,categories__ids,ecoregions__ids
acaciaataxacantha,Acacia ataxacantha,Flamethorn,Fabaceae,Thorn,http://en.wikipedia.org/wiki/Acacia_ataxacantha,648867,"BW,ZA","fabales,trees",AT1309
acaciacaffra,Acacia caffra,"Common hook-thorn, cat thorn",Fabaceae,Thorn,http://en.wikipedia.org/wiki/Acacia_caffra,660853,"BW,NA,ZA","fabales,trees",AT0709
acaciaerioloba,Acacia erioloba,Camel thorn,"Fabaceae (Pod-bearing family, Pea family)",Thorn,http://en.wikipedia.org/wiki/Acacia_erioloba,678840,"BW,NA,ZA","fabales,trees",AT1309
acaciafleckiischinz,Acacia Fleckii Schinz,Blade thorn,Fabaceae,Thorn,http://en.wikipedia.org/wiki/Acacia_Fleckii_Schinz,682694,"BW,ZA","fabales,trees",AT1309
acaciahebecladahebeclada,Acacia hebeclada hebeclada,Candle thorn,"Fabaceae (Pod-bearing family, Pea family)",,http://en.wikipedia.org/wiki/Acacia_hebeclada_hebeclada,1230788,"BW,NA,ZA","fabales,shrubs",AT1309
acaciahereroensis,Acacia hereroensis,Mountain thorn,Fabaceae,Thorn,http://en.wikipedia.org/wiki/Acacia_hereroensis,685442,"BW,NA,ZA","fabales,trees",AT0709
acaciakarroo,Acacia karroo,"Sweet thorn, Cape gum",Fabaceae,Thron,http://en.wikipedia.org/wiki/Acacia_karroo,685899,"BW,ZA","fabales,trees",AT0709
acacialuederitzii,Acacia luederitzii,False umbrella thorn,"Fabaceae (Pod-bearing family, Pea family)",Thorn,http://en.wikipedia.org/wiki/Acacia_luederitzii,686460,"BW,NA,ZA","fabales,trees",AT1309
acaciamellifera,Acacia mellifera,Black thorn,"Fabaceae (Pod-bearing family, Pea family)",,http://en.wikipedia.org/wiki/Acacia_mellifera,686993,"BW,NA,ZA","fabales,shrubs",AT1309
acacianebrownii,Acacia nebrownii,"Water thorn, water acacia",Fabacea,Thorn,http://en.wikipedia.org/wiki/Acacia_nebrownii,687184,"BW,NA,ZA","fabales,trees",AT1309
acacianigrescens,Acacia nigrescens,Knob thorn,Fabaceae,Thorn,http://en.wikipedia.org/wiki/Acacia_nigrescens,687250,"BW,ZA","fabales,trees",AT0709
acacianiloticasubspkraussiana,Acacia nilotica subsp. kraussiana,"scented thorn, scented-pod acacia",Fabaceae,Thorn,http://en.wikipedia.org/wiki/Acacia_nilotica_subsp._kraussiana,1230733,"BW,NA,ZA","fabales,trees",AT0709
acaciarobusta,Acacia robusta,Splendid thorn,Fabaceae,Thron,http://en.wikipedia.org/wiki/Acacia_robusta,689994,"BW,NA,ZA","fabales,trees",AT0709
acaciatortilissubspheteracantha,Acacia tortilis subsp heteracantha,Umbrella thorn,Fabaceae,Thorn,http://en.wikipedia.org/wiki/Acacia_tortilis_subsp_heteracantha,,"BW,NA,ZA","fabales,trees",AT0709
acanthosicyosnaudinianus,Acanthosicyos naudinianus,Gemsbok cucumber,Cucurbitaceae (Pumpkin family),,http://en.wikipedia.org/wiki/Acanthosicyos_naudinianus,5734641,"BW,NA,ZA","creepersclimbers,cucurbitales",AT1309
accipiterbadius,Accipiter badius,"Little banded goshawk, shikra",Accipitridae,Goshawk,http://en.wikipedia.org/wiki/Accipiter_badius,914073,"BW,NA,ZA","birds,falconiformesoraccipitriformes",AT1309
achyranthesaspera,Achyranthes aspera,Devil's horsewhip,Amaranthaceae,Horsewhip,http://en.wikipedia.org/wiki/Achyranthes_aspera,585501,"BW,ZA","caryophyllales,unspecifiedform",AT0709
acinonyxjubatus,Acinonyx jubatus,Cheetah,Felidae,,http://en.wikipedia.org/wiki/Acinonyx_jubatus,328680,"BW,NA,ZA","carnivora,mammals",AT1309
acrididaesp,Acrididae sp.,"Locusts, Short-horned grasshoppers",Acrididae,,http://en.wikipedia.org/wiki/Acrididae_sp.,6580,"BW,NA,ZA","insects,orthoptera",AT1309
adansoniadigitata,Adansonia digitata,Baobab,Malvaceae (Mallow family),,http://en.wikipedia.org/wiki/Adansonia_digitata,584789,"AO,NA,ZA","malvales,trees",AT0709
aegypiinae,Aegypiinae,Old world vulture,Accipitridae,Vulture,http://en.wikipedia.org/wiki/Aegypiinae,4434126,"BW,NA,ZA","birds,ciconiiformes",AT0709
aepycerosmelampus,Aepyceros melampus,Impala,Bovidae,,http://en.wikipedia.org/wiki/Aepyceros_melampus,308540,"BW,ZA","artiodactyla,mammals",AT0709
aervaleucura,Aerva leucura,Aerva sp.,Amaranthaceae,,http://en.wikipedia.org/wiki/Aerva_leucura,5173062,"BW,NA,ZA","caryophyllales,unspecifiedform",AT0709
agamaaculeata,Agama aculeata,Ground agama,Agamidae,Agama,http://en.wikipedia.org/wiki/Agama_aculeata,815934,NA,"reptiles,squamata",AT1309
agamaagama,Agama agama,Common agama,Agamidae,Agama,http://en.wikipedia.org/wiki/Agama_agama,815935,,"reptiles,squamata",
albucaamboense,Albuca amboense,Albuca sp.,Hyacinthaceae,,http://en.wikipedia.org/wiki/Albuca_amboense,,"BW,NA,ZA","asparagales,unspecifiedform",AT1309
alcelaphusbuselaphus,Alcelaphus buselaphus,"Red hartebeest, kaama",Bovidae,Hartebeest,http://en.wikipedia.org/wiki/Alcelaphus_buselaphus,308529,"BW,NA,ZA","artiodactyla,mammals","AT0709,AT1309"
alectraorobanchoides,Alectra orobanchoides,Kirk's tobacco witchweed,Scrophulariaceae,Witchweed,http://en.wikipedia.org/wiki/Alectra_orobanchoides,5664171,"BW,ZA","bulbsherbs,lamiales",AT1309
aloecryptopoda,Aloe cryptopoda,Aloe sp,Xanthorrhoeaceae,,http://en.wikipedia.org/wiki/Aloe_cryptopoda,1085252,"BW,ZA","asparagales,succulents",AT0709
aloezebrina,Aloe zebrina,Zebra aloe,Asphodelaceae,Aloe,http://en.wikipedia.org/wiki/Aloe_zebrina,1085618,"BW,NA","asparagales,succulents",AT1309
amadinaerythrocephala,Amadina erythrocephala,Red-headed finch,Estrildidae,Finch,http://en.wikipedia.org/wiki/Amadina_erythrocephala,1050435,"BW,NA,ZA","birds,passeriformes",AT1309
amietiaangolensis,Amietia angolensis,Common rana,Ranidae,Rana,http://en.wikipedia.org/wiki/Amietia_angolensis,1048304,"BW,NA,ZA","amphibians,anura",AT0709
amitermes,Amitermes,Amitermes sp,Termitidae,,http://en.wikipedia.org/wiki/Amitermes,50760,"BW,NA,ZA","insects,isoptera",AT1309
anatidaesp,Anatidae sp,Anatidae sp,Anatidae,,http://en.wikipedia.org/wiki/Anatidae_sp,,"BW,ZA","anseriformes,birds",AT0709
anobiidaesp,Anobiidae sp,Anobiid beetle,Anobiidae,Beelte,http://en.wikipedia.org/wiki/Anobiidae_sp,,"BW,ZA","coleoptera,insects",AT0709
anthephorapubescens,Anthephora pubescens,Bottle brush grass,Poaceae,Grass,http://en.wikipedia.org/wiki/Anthephora_pubescens,5829935,"BW,NA,ZA","grassessedges,poales",AT1309
antidorcasmarsupialis,Antidorcas marsupialis,Springbok,Bovidae,,http://en.wikipedia.org/wiki/Antidorcas_marsupialis,308537,"BW,NA,ZA","artiodactyla,mammals","AT0709,AT1309,AT1316"
antizomaangustifolia,Antizoma angustifolia,Antizoma sp.,Menispermaceae,,http://en.wikipedia.org/wiki/Antizoma_angustifolia,5517200,"BW,ZA","creepersclimbers,ranunculales",AT1309
aonyxcapensis,Aonyx capensis,African clawless otter,Mustelidae,Otter,http://en.wikipedia.org/wiki/Aonyx_capensis,328023,"BW,ZA","carnivora,mammals",AT0709
aptosimumalbomarginatum,Aptosimum albomarginatum,,"Scrophulariaceae (Snapdragon family, Figwort family)",,http://en.wikipedia.org/wiki/Aptosimum_albomarginatum,5675661,NA,"dwarfshrubs,lamiales",AT1309
aptosimumlineare,Aptosimum lineare,Aptosimum sp.,"Scrophulariaceae (Figwort family, Snapdragon family)",,http://en.wikipedia.org/wiki/Aptosimum_lineare,5675676,ZA,"bulbsherbs,lamiales",AT1309
aquilarapax,Aquila rapax,Tawny eagle,Accipitridae,Eagle,http://en.wikipedia.org/wiki/Aquila_rapax,914149,"BW,MZ,NA,ZA,ZW","accipitriformes,birds",AT1309
ardeotiskori,Ardeotis kori,Kori bustard,Otididae,Bustard,http://en.wikipedia.org/wiki/Ardeotis_kori,915382,"BW,NA,ZA","birds,gruiformes","AT0709,AT1309"
argiopesp,Argiope sp,"Black and yellow garden spider, corn spider, writing spider",Araneidae,Spider,http://en.wikipedia.org/wiki/Argiope_sp,23797561,"BW,NA,ZA","araneae,spidersotherarachnids",AT1309
aristidacongesta,Aristida congesta,Stickgrass,Poaceae,Grass,http://en.wikipedia.org/wiki/Aristida_congesta,5798633,"BW,NA,ZA","grassessedges,poales",AT1309
aristidameridionalis,Aristida meridionalis,Aristida sp.,Poaceae,,http://en.wikipedia.org/wiki/Aristida_meridionalis,5799029,"BW,NA,ZA","poales,unspecifiedform",AT1309
asclepiasfruticosa,Asclepias fruticosa,Wild cotton,Asclepiadaceae,Cotton,http://en.wikipedia.org/wiki/Asclepias_fruticosa,2892993,"BW,ZA","gentianales,unspecifiedform",AT0709
asparagusafricanus,Asparagus africanus,Wild asparagus,Asparagaceae,Asparagus,http://en.wikipedia.org/wiki/Asparagus_africanus,987593,"BW,NA","asparagales,unspecifiedform",AT0709
asparagusbechuanicus,Asparagus bechuanicus,Wild asparagus,Asparagaceae (Asparagus family),,http://en.wikipedia.org/wiki/Asparagus_bechuanicus,,"BW,NA,ZA","asparagales,dwarfshrubs",AT1309
asparaguslaricinus,Asparagus laricinus,Asparagus sp.,Asparagaceae,,http://en.wikipedia.org/wiki/Asparagus_laricinus,987834,"BW,ZA","asparagales,unspecifiedform",AT0709
asparagusnelsii,Asparagus nelsii,Sandveld asparagus,Asparagaceae (Asparagus family),,http://en.wikipedia.org/wiki/Asparagus_nelsii,,"BW,NA,ZA","asparagales,dwarfshrubs",AT1309
asparagussuaveolens,Asparagus suaveolens,wild asparagus,Asparagaceae,Asparagus,http://en.wikipedia.org/wiki/Asparagus_suaveolens,989948,"BW,NA,ZA","asparagales,shrubs",AT1309
atelerixfrontalis,Atelerix frontalis,Southern African hedgehog,Erinaceidae,Hedgehog,http://en.wikipedia.org/wiki/Atelerix_frontalis,1178679,"BW,NA,ZA","erinaceomorpha,mammals","AT0709,AT1309"
atractaspisbibronii,Atractaspis bibronii,Bibron's mole viper,Atractaspididae,Viper,http://en.wikipedia.org/wiki/Atractaspis_bibronii,795688,"BW,NA","reptiles,squamata",AT0709
babianahypogea,Babiana hypogea,Dwarf babiana,Iridaceae,Babiana,http://en.wikipedia.org/wiki/Babiana_hypogea,5870044,"BW,NA,ZA","asparagales,unspecifiedform",AT1309
barleriapretoriensis,Barleria pretoriensis,Baleria sp,Acanthaceae,,http://en.wikipedia.org/wiki/Barleria_pretoriensis,23326822,"BW,NA","lamiales,unspecifiedform",AT0709
bauhiniapetersiana,Bauhinia petersiana,Large white bauhinia,Fabaceae,Bauhinia,http://en.wikipedia.org/wiki/Bauhinia_petersiana,702820,"BW,NA,ZA","fabales,shrubs",AT1309
belostomatidaesp,Belostomatidae sp,Giant water bug,Belostomatidae,Bug,http://en.wikipedia.org/wiki/Belostomatidae_sp,,"BW,ZA","hemiptera,insects",AT0709
berchemiazeyheri,Berchemia zeyheri,"Pink ivory, purple ivory, red ivorywood",Rhamnaceae,Ivory,http://en.wikipedia.org/wiki/Berchemia_zeyheri,5534064,"BW,NA","rhamnales,trees",AT0709
berkheyaradula,Berkheya radula,Berkheya sp,Asteraceae,,http://en.wikipedia.org/wiki/Berkheya_radula,6254456,"BW,ZA","asterales,unspecifiedform",AT0709
bitisarietans,Bitis arietans,"Puff adder, African puff adder, Common puff adder",Viperidae,,http://en.wikipedia.org/wiki/Bitis_arietans,1057058,"BW,NA,ZA,ZW","reptiles,squamata",AT1309
bitiscaudalis,Bitis caudalis,"Horned adder, horned puff adder, horned viper",Viperidae,Adder,http://en.wikipedia.org/wiki/Bitis_caudalis,1057056,"BW,NA,ZA","reptiles,squamata",AT1309
blaberidae,Blaberidae,Giant cockroach,Blaberidae sp,,http://en.wikipedia.org/wiki/Blaberidae,675,"BW,NA,ZA","blattodea,insects",AT1309
blattodeasp,Blattodea sp,Cockroach,Blattodea sp,,http://en.wikipedia.org/wiki/Blattodea_sp,,"BW,ZA","blattodea,insects",AT0709
boophanedisticha,Boophane disticha,"Bushman poison bulb, Tumble weed",Amaryllidaceae (Amaryllis family),,http://en.wikipedia.org/wiki/Boophane_disticha,1086357,NA,"asparagales,bulbsherbs",AT1309
bosciaalbitrunca,Boscia albitrunca,Shepherd's tree,Capparaceae (Caper family),,http://en.wikipedia.org/wiki/Boscia_albitrunca,5162788,"BW,NA,ZA","brassicales,trees",AT1309
brachystelmaarnotii,Brachystelma arnotii,Brachystelma sp.,Apocynaceae,,http://en.wikipedia.org/wiki/Brachystelma_arnotii,,"BW,NA,ZA","gentianales,succulents",AT1309
brachystelmacupulatum,Brachystelma cupulatum,Brachystelma sp.,Apocynaceae,,http://en.wikipedia.org/wiki/Brachystelma_cupulatum,,"BW,NA,ZA","gentianales,unspecifiedform",AT1309
bradyporidaesp,Bradyporidae sp.,"Armoured ground crickets, koringkrieke",Bradyporidae,,http://en.wikipedia.org/wiki/Bradyporidae_sp.,,"BW,NA,ZA","insects,orthoptera",AT1309
brevicepsadspersus,Breviceps adspersus,"Common rain frog, short-headed frog",Brevicipitidae,Frog,http://en.wikipedia.org/wiki/Breviceps_adspersus,1019120,"BW,NA,ZA","amphibians,anura",AT0709
brideliamollis,Bridelia mollis,Velvet bridelia,Phyllanthaceae,,http://en.wikipedia.org/wiki/Bridelia_mollis,1149057,"BW,NA","malpighiales,unspecifiedform",AT0709
broomeiaellipsospora,Broomeia ellipsospora,Puff ball,Broomeiaceae,,http://en.wikipedia.org/wiki/Broomeia_ellipsospora,6726826,"BW,NA,ZA","agaricales,fungi",AT1309
bubalornisalbirostris,Bubalornis albirostris,White-billed buffalo weaver,Ploceidae,Weaver,http://en.wikipedia.org/wiki/Bubalornis_albirostris,919579,"BW,NA","birds,passeriformes",AT0709
buboafricanus,Bubo africanus,Spotted eagle owl,Strigidae,Owl,http://en.wikipedia.org/wiki/Bubo_africanus,1178253,"BW,NA,ZA","birds,strigiformes",AT1309
bubolacteus,Bubo lacteus,"Verreaux's eagle owl, Giant eagle owl, Milky eagle owl",Strigidae,Owl,http://en.wikipedia.org/wiki/Bubo_lacteus,1178259,"BW,MZ,NA,ZA,ZW","birds,strigiformes",AT1309
bubulcusibis,Bubulcus ibis,Cattle egret,Ardeidae,Egret,http://en.wikipedia.org/wiki/Bubulcus_ibis,1048666,"BW,ZA","birds,ciconiiformes",AT0709
buddlejasaligna,Buddleja saligna,False olive,Buddlejaceae,Olive,http://en.wikipedia.org/wiki/Buddleja_saligna,489677,"BW,ZA","lamiales,trees",AT0709
bufogutturalis,Bufo gutturalis,"Guttural toad, African common toad",Bufonidae,,http://en.wikipedia.org/wiki/Bufo_gutturalis,323986,NA,"amphibians,anura",AT1309
burhinuscapensis,Burhinus capensis,"Spotted dikkop, spotted thick-knee",Burhinidae,Dikkop,http://en.wikipedia.org/wiki/Burhinus_capensis,1049041,"BW,NA,ZA","birds,charadriiformes",AT1309
burkeaafricana,Burkea africana,Wild seringa,Fabaceae,Seringa,http://en.wikipedia.org/wiki/Burkea_africana,703435,"BW,ZA","fabales,trees",AT0709
camponotusmaculatus,Camponotus maculatus,Carpenter ant,Formicidae,Ant,http://en.wikipedia.org/wiki/Camponotus_maculatus,2929807,"BW,NA,ZA","hymenoptera,insects","AT0709,AT1309"
canismesomelas,Canis mesomelas,Black-backed jackal,Canidae,Jackal,http://en.wikipedia.org/wiki/Canis_mesomelas,328682,"BW,MZ,NA,ZA,ZW","carnivora,mammals",AT1309
cannabissativa,Cannabis sativa,"Cannabis, hemp, marijuana",Cannabaceae,,http://en.wikipedia.org/wiki/Cannabis_sativa,594919,"BW,NA,ZA,ZW","unspecifiedform,urticales",AT1309
canthiumhuillense,Canthium huillense,Canthium sp,Rubiaceae,,http://en.wikipedia.org/wiki/Canthium_huillense,,"BW,NA","gentianales,unspecifiedform",AT0709
capparistomentosa,Capparis tomentosa,Capparis sp,Capparaceae,,http://en.wikipedia.org/wiki/Capparis_tomentosa,5161369,"BW,NA","brassicales,unspecifiedform",AT0709
caprimulgidaesp,Caprimulgidae sp,Nightjar,Caprimulgidae sp,,http://en.wikipedia.org/wiki/Caprimulgidae_sp,,"BW,ZA","birds,strigiformes",AT0709
carabidaesp,Carabidae sp.,Ground beetles,Carabidae,,http://en.wikipedia.org/wiki/Carabidae_sp.,21436178,"BW,NA,ZA","coleoptera,insects","AT0709,AT1309"
caracalcaracal,Caracal caracal,"Caracal, Desert lynx",Felidae,,http://en.wikipedia.org/wiki/Caracal_caracal,312855,"BW,NA,ZA","carnivora,mammals","AT0709,AT1309"
carallumasp,Caralluma sp,Caralluma sp.,Apocynaceae,,http://en.wikipedia.org/wiki/Caralluma_sp,,"BW,ZA","gentianales,unspecifiedform","AT0709,AT1309"
carebaravidua,Carebara vidua,Carebara sp.,Formicidae,,http://en.wikipedia.org/wiki/Carebara_vidua,450886,"BW,ZA","hymenoptera,insects",AT0709
carissabispinosa,Carissa bispinosa,Num-num,Apocynaceae,,http://en.wikipedia.org/wiki/Carissa_bispinosa,6850668,"BW,NA","gentianales,unspecifiedform",AT0709
catophractesalexandri,Catophractes alexandri,Trumpet thorn,Bignoniaceae (Jacaranda family),,http://en.wikipedia.org/wiki/Catophractes_alexandri,5640181,"BW,NA,ZA","lamiales,shrubs",AT1309
centropussuperciliosus,Centropus superciliosus,White-borrowed coucal,Cuculidae,Coucal,http://en.wikipedia.org/wiki/Centropus_superciliosus,914682,"BW,ZA","birds,cuculiformes",AT0709
cephalocrotonmollisklotsch,Cephalocroton mollis Klotsch,Cephalocroton sp.,Euphorbiaceae,,http://en.wikipedia.org/wiki/Cephalocroton_mollis_Klotsch,,"BW,NA,ZA","malpighiales,unspecifiedform",AT1309
cerambycidaesp,Cerambycidae sp,"Longhorn beetle, long-horned beetle, longicorn",Cerambycidae,Beetle,http://en.wikipedia.org/wiki/Cerambycidae_sp,,"BW,ZA","coleoptera,insects",AT0709
ceratotheriumsimum,Ceratotherium simum,"White rhinoceros, square-lipped rhinoceros",Rhinocerotidae,Rhinoceros,http://en.wikipedia.org/wiki/Ceratotherium_simum,311503,"NA,ZA","mammals,perissodactyla",AT0709
ceropegiamultifloratentaculata,Ceropegia multiflora tentaculata,"Lantern flower, parasol flower,",Apocynaceae,Flower,http://en.wikipedia.org/wiki/Ceropegia_multiflora_tentaculata,,"BW,NA,ZA","gentianales,succulents",AT1309
chalicodomasp,Chalicodoma sp,Chalicodoma sp,Megachilidae,,http://en.wikipedia.org/wiki/Chalicodoma_sp,,"BW,NA,ZA","hymenoptera,insects",AT1309
chamaeleodilepis,Chamaeleo dilepis,Flap-necked chameleon,Chamaeleonidae,Chameleon,http://en.wikipedia.org/wiki/Chamaeleo_dilepis,791821,"BW,ZA","reptiles,squamata",AT0709
chamaeleosp,Chamaeleo sp.,Chameleon,Chamaeleonidae,,http://en.wikipedia.org/wiki/Chamaeleo_sp.,,NA,"reptiles,squamata",AT1309
cheilantheshirta,Cheilanthes hirta,Lip fern,Adiantaceae,,http://en.wikipedia.org/wiki/Cheilanthes_hirta,6122942,"BW,NA","pteridales,unspecifiedform",AT0709
chrysococcyxcaprius,Chrysococcyx caprius,Diederik cuckoo,Cuculidae,Cuckoo,http://en.wikipedia.org/wiki/Chrysococcyx_caprius,1047926,"BW,NA,ZA","birds,cuculiformes",AT1309
cicadellidaesp,Cicadellidae sp,Leafhopper,Cicadellidae,,http://en.wikipedia.org/wiki/Cicadellidae_sp,,"BW,NA,ZA","hemiptera,insects",AT1309
cicadidaesp,Cicadidae sp,Cicada,Cicadidae,,http://en.wikipedia.org/wiki/Cicadidae_sp,,"BW,NA,ZA","hemiptera,insects",AT1309
ciconiaabdimii,Ciconia abdimii,Abdim's stork,Ciconiidae,Stork,http://en.wikipedia.org/wiki/Ciconia_abdimii,1049143,"BW,MZ,NA,ZA,ZW","birds,ciconiiformes",AT1309
cissusquadrangularis,Cissus quadrangularis,"Veldt Grape, devil's backbone",Vitaceae,Grape,http://en.wikipedia.org/wiki/Cissus_quadrangularis,2880476,"BW,ZA","rhamnales,unspecifiedform",AT0709
cisticolaaridulus,Cisticola aridulus,Desert cisticola,Cisticolidae,Cisticola,http://en.wikipedia.org/wiki/Cisticola_aridulus,1048126,"BW,NA,ZA","birds,passeriformes",AT1309
citrulluslanatus,Citrullus lanatus,"Tsamma melon, Wild watermelon",Cucurbitaceae (Pumpkin family),,http://en.wikipedia.org/wiki/Citrullus_lanatus,584423,NA,"creepersclimbers,cucurbitales",AT1309
clamatorglandarius,Clamator glandarius,Great spotted cuckoo,Cuculidae,Cuckoo,http://en.wikipedia.org/wiki/Clamator_glandarius,914624,,"birds,cuculiformes",
clematisoweniae,Clematis oweniae,Clematis sp,Ranunculaceae,,http://en.wikipedia.org/wiki/Clematis_oweniae,5527608,"BW,NA","ranunculales,unspecifiedform",AT0709
cloniasp,Clonia sp,Clonia sp,Tettigoniidae,,http://en.wikipedia.org/wiki/Clonia_sp,,"BW,NA,ZA","insects,orthoptera",AT0709
clutiapulchella,Clutia pulchella,Clutia sp,Euphorbiaceae,,http://en.wikipedia.org/wiki/Clutia_pulchella,1147740,"BW,NA","malpighiales,unspecifiedform",AT0709
cocciniarehmannii,Coccinia rehmannii,Wild cucumber,Cucurbitaceae (Pumpkin family),,http://en.wikipedia.org/wiki/Coccinia_rehmannii,5735003,"BW,NA,ZA","creepersclimbers,cucurbitales",AT1309
coliidaesp,Coliidae sp,Mousebird,Coliidae,,http://en.wikipedia.org/wiki/Coliidae_sp,,"BW,ZA","birds,coliiformes",AT0709
colophospermummopane,Colophospermum mopane,Butterfly tree,Fabaceae,,http://en.wikipedia.org/wiki/Colophospermum_mopane,418082,"BW,ZA","fabales,trees",AT0709
colubridaesp,Colubridae sp,Cape sand snake,Colubridae,Snake,http://en.wikipedia.org/wiki/Colubridae_sp,,"BW,NA,ZA","reptiles,squamata",AT1309
columbaarquatrix,Columba arquatrix,"African olive-pigeon, rameron pigeon",Columbidae,Pigeon,http://en.wikipedia.org/wiki/Columba_arquatrix,1049704,"BW,ZA","birds,columbiformes",AT0709
columbaguinea,Columba guinea,"Rock pigeon, speckled pigeon",Columbidae,Pigeon,http://en.wikipedia.org/wiki/Columba_guinea,1049682,"BW,ZA","birds,columbiformes",AT0709
combretumapiculatum,Combretum apiculatum,Combretum apiculatum subsp apiculatum,Combretaceae,,http://en.wikipedia.org/wiki/Combretum_apiculatum,5426807,"BW,ZA","myrtales,unspecifiedform",AT0709
combretumcollinumfresensspgazenseswynnbakfokafor,Combretum collinum Fresen ssp. Gazense (Swynn. & Bak. F) Okafor,Bicolored Bushwillow,Combretaceae,Bushwillow,http://en.wikipedia.org/wiki/Combretum_collinum_Fresen_ssp._Gazense_(Swynn._%26_Bak._F)_Okafor,,"BW,NA,ZA,ZW","myrtales,trees",AT1309
combretumerythrophyllum,Combretum erythrophyllum,River bush-willow,Combretaceae,,http://en.wikipedia.org/wiki/Combretum_erythrophyllum,5426959,"BW,NA","myrtales,unspecifiedform",AT0709
combretumhereroense,Combretum hereroense,Russet bush-willow,Combretaceae,,http://en.wikipedia.org/wiki/Combretum_hereroense,5427037,"BW,NA","myrtales,unspecifiedform",AT0709
combretummolle,Combretum molle,Velvet bush-willow,Combretaceae,,http://en.wikipedia.org/wiki/Combretum_molle,5427028,"BW,ZA","myrtales,unspecifiedform",AT0709
combretumzeyheri,Combretum zeyheri,Large-fruited bush-willow,Combretaceae,Bush-willow,http://en.wikipedia.org/wiki/Combretum_zeyheri,5427510,"BW,NA","myrtales,unspecifiedform",AT0709
commelinalivingstonii,Commelina Livingstonii,Commelina sp.,Commelinaceae,,http://en.wikipedia.org/wiki/Commelina_Livingstonii,1122725,"BW,NA,ZA","bulbsherbs,commelinales",AT1309
commicarpuspentandrusburchheimerl,Commicarpus pentandrus (Burch.) Heimerl,Commicarpus sp.,Nyctaginaceae,,http://en.wikipedia.org/wiki/Commicarpus_pentandrus_(Burch.)_Heimerl,5220854,"BW,NA,ZA","bulbsherbs,caryophyllales",AT1309
commiphoraafricana,Commiphora africana,"Poison-grub commiphora, poison-grub corkwood",Burseraceae,Commiphora,http://en.wikipedia.org/wiki/Commiphora_africana,5616141,"BW,NA,ZA,ZW","sapindales,unspecifiedform",AT1309
commiphoraglandulosa,Commiphora glandulosa,Tall firethorn corkwood,Burseraceae,,http://en.wikipedia.org/wiki/Commiphora_glandulosa,5616260,"BW,NA,ZW","sapindales,trees",AT0709
connochaetesgnou,Connochaetes gnou,Black wildebeest,Bovidae,Wildebeest,http://en.wikipedia.org/wiki/Connochaetes_gnou,308530,"BW,ZA","artiodactyla,mammals",AT0709
connochaetestaurinus,Connochaetes taurinus,"Blue wildebeest, Gnu",Bovidae,Wildebeest,http://en.wikipedia.org/wiki/Connochaetes_taurinus,308531,"BW,MZ,NA,ZA,ZW","artiodactyla,mammals",AT1309
conyzabonariensis,Conyza bonariensis,Conyza sp,Asteraceae,,http://en.wikipedia.org/wiki/Conyza_bonariensis,467652,"BW,ZA","asterales,unspecifiedform",AT0709
coraciascaudatus,Coracias caudatus,Lilac-breasted roller,Coraciidae,Roller,http://en.wikipedia.org/wiki/Coracias_caudatus,1064904,"BW,MZ,NA,ZA,ZW","birds,coraciiformes",AT1309
coraciasgarrulus,Coracias garrulus,Roller,Coraciidae,,http://en.wikipedia.org/wiki/Coracias_garrulus,1050025,"BW,ZA","birds,coraciiformes",AT0709
coraciasnaevia,Coracias naevia,"Rufous-crowned roller, purple roller",Coraciidae,Roller,http://en.wikipedia.org/wiki/Coracias_naevia,1064906,"BW,NA,ZA","birds,coraciiformes",AT1309
corallocarpusbainesiihookfameeuse,Corallocarpus bainesii (Hook. f.) A. Meeuse,Corallocarpus sp.,Cucurbitaceae,,http://en.wikipedia.org/wiki/Corallocarpus_bainesii_(Hook._f.)_A._Meeuse,5736318,"BW,NA,ZA,ZW","cucurbitales,unspecifiedform",AT1309
cordylustropidosternum,Cordylus tropidosternum,"Tropical spinytail lizard, girdled lizard, east african spiny-tailed lizard",Cordylidae,Lizard,http://en.wikipedia.org/wiki/Cordylus_tropidosternum,1056763,"BW,ZA","reptiles,squamata",AT0709
coreidaesp,Coreidae sp,Leaffooted bug,Coreidae,Bug,http://en.wikipedia.org/wiki/Coreidae_sp,,"BW,ZA","hemiptera,insects",AT0709
corvinellamelanoleuca,Corvinella melanoleuca,"Magpie shrike, african long-tailed shrike",Laniidae,Shrike,http://en.wikipedia.org/wiki/Corvinella_melanoleuca,1050941,"BW,ZA","birds,passeriformes",AT0709
corvusalbicollis,Corvus albicollis,White-necked raven,Corvidae,Raven,http://en.wikipedia.org/wiki/Corvus_albicollis,917344,"BW,ZA","birds,passeriformes",AT0709
corvusalbus,Corvus albus,Pied crow,Corvidae,Crow,http://en.wikipedia.org/wiki/Corvus_albus,917338,"BW,NA,ZA","birds,passeriformes","AT0709,AT1309"
corvuscapensis,Corvus capensis,"Cape crow, Black crow",Corvidae,Crow,http://en.wikipedia.org/wiki/Corvus_capensis,917347,"BW,NA,ZA,ZW","birds,passeriformes",AT1309
corythaixoidesconcolor,Corythaixoides concolor,Grey go-away-bird,Musophagidae,Bird,http://en.wikipedia.org/wiki/Corythaixoides_concolor,915623,"BW,ZA","birds,musophagiformes",AT0709
coturnixcoturnix,Coturnix coturnix,Common quail,Common Quai,Quail,http://en.wikipedia.org/wiki/Coturnix_coturnix,914847,"BW,ZA","birds,galliformes",AT0709
creatophoracinerea,Creatophora cinerea,Wattled starling,Strunidae,Starling,http://en.wikipedia.org/wiki/Creatophora_cinerea,1052484,"BW,NA,ZA","birds,passeriformes",AT1309
crematogastersp,Crematogaster sp,Acrobat ant,Formicidae,Ant,http://en.wikipedia.org/wiki/Crematogaster_sp,,"BW,NA,ZA","hymenoptera,insects",AT1309
crinumfoetidum,Crinum foetidum,Crinum sp.,Amaryllidaceae (Amaryllis family),,http://en.wikipedia.org/wiki/Crinum_foetidum,11380337,"BW,NA,ZA","asparagales,bulbsherbs",AT1309
crocodylusniloticus,Crocodylus niloticus,Nile Crocodile,Crocodylidae,,http://en.wikipedia.org/wiki/Crocodylus_niloticus,795278,"BW,ZA","crocodylia,reptiles",AT0709
crocutacrocuta,Crocuta crocuta,"Spotted hyena, laughing hyena",Hyaenidae,Hyena,http://en.wikipedia.org/wiki/Crocuta_crocuta,311569,"BW,NA,ZA","carnivora,mammals","AT0709,AT1309"
crotalariadamarensis,Crotalaria damarensis,Crotalaria sp.,Fabaceae,,http://en.wikipedia.org/wiki/Crotalaria_damarensis,689971,"BW,NA,ZA,ZW","fabales,unspecifiedform",AT1309
crotalarialotoides,Crotalaria lotoides,Crotalaria sp,Fabaceae,,http://en.wikipedia.org/wiki/Crotalaria_lotoides,689872,"BW,NA","fabales,unspecifiedform",AT0709
crotalariaorientalis,Crotalaria orientalis,,"Fabaceae (Pod-bearing family, Pea family)",,http://en.wikipedia.org/wiki/Crotalaria_orientalis,691057,"BW,NA,ZA","dwarfshrubs,fabales",AT1309
crotalariaspartioides,Crotalaria spartioides,Crotalaria sp.,"Fabaceae (Pod-bearing family, Pea family)",,http://en.wikipedia.org/wiki/Crotalaria_spartioides,33582971,"BW,NA,ZA","dwarfshrubs,fabales",AT1309
crotongratissimus,Croton gratissimus,"Lavender croton, lavender fever berry",Euphorbiaceae,Croton,http://en.wikipedia.org/wiki/Croton_gratissimus,1147149,"BW,NA","malpighiales,unspecifiedform",AT0709
cryptomysholosericeus,Cryptomys holosericeus,Cryptomys sp,Bathyergidae,,http://en.wikipedia.org/wiki/Cryptomys_holosericeus,12138414,"BW,NA","mammals,rodentia",AT0709
cryptomyshottentotus,Cryptomys hottentotus,"Common mole-rat, Hottentot mole-rat",Bathyergidae,Mole-rat,http://en.wikipedia.org/wiki/Cryptomys_hottentotus,326229,"BW,NA","mammals,rodentia",AT0709
cuculusclamosus,Cuculus clamosus,Black cuckoo,Cuculidae,Cuckoo,http://en.wikipedia.org/wiki/Cuculus_clamosus,1050139,"BW,NA,ZA","birds,cuculiformes",AT1309
cucumisafricanus,Cucumis africanus,"Wild cucumber, Small wild cucumber",Cucurbitaceae (Pumpkin family),Cucumber,http://en.wikipedia.org/wiki/Cucumis_africanus,5734700,"BW,NA,ZA","creepersclimbers,cucurbitales",AT1309
cucumiskalahariensis,Cucumis kalahariensis,Wild cucumber,Cucurbitaceae,Cucumber,http://en.wikipedia.org/wiki/Cucumis_kalahariensis,5734786,"BW,NA,ZA","creepersclimbers,cucurbitales",AT1309
cussoniapaniculata,Cussonia paniculata,Mountain cabbage tree,Araliaceae,Cabbage tree,http://en.wikipedia.org/wiki/Cussonia_paniculata,1146326,"BW,ZA","apiales,trees",AT0709
cymbopogonplurinodis,Cymbopogon plurinodis,Cymbopogon sp,Poaceae,,http://en.wikipedia.org/wiki/Cymbopogon_plurinodis,2884835,"BW,NA","poales,unspecifiedform",AT0709
cynictispenicillata,Cynictis penicillata,Yellow mongoose,Herpestidae,Mongoose,http://en.wikipedia.org/wiki/Cynictis_penicillata,326843,"BW,NA,ZA","carnivora,mammals",AT1309
cyperuslongus,Cyperus longus,Common galingale,Cyperaceae,Galingale,http://en.wikipedia.org/wiki/Cyperus_longus,1121449,"BW,ZA","grassessedges,poales",AT0709
cyperusmargaritaceusvahl,Cyperus margaritaceus Vahl,Nut-gras,Cyperaceae,,http://en.wikipedia.org/wiki/Cyperus_margaritaceus_Vahl,1121777,"BW,NA,ZA","grassessedges,poales",AT1309
damaliscusdorcasphillpsi,Damaliscus dorcas phillpsi,"Blesbok, Blesbuck",Bovidae,,http://en.wikipedia.org/wiki/Damaliscus_dorcas_phillpsi,,ZA,"artiodactyla,mammals",
damaliscuslunatus,Damaliscus lunatus,"Common Tsessebe, Topi",Bovidae,Tsessebe,http://en.wikipedia.org/wiki/Damaliscus_lunatus,308534,"BW,ZA","artiodactyla,mammals",AT0709
danauschrysippus,Danaus chrysippus,"African monarch, Plain tiger",Nymphalidae,,http://en.wikipedia.org/wiki/Danaus_chrysippus,2865070,"BW,NA,ZA","insects,lepidoptera",AT1309
dermestessp,Dermestes sp,Dermestes sp,Dermestidae,,http://en.wikipedia.org/wiki/Dermestes_sp,,"BW,ZA","coleoptera,insects",AT0709
desmodillusauricularis,Desmodillus auricularis,Cape short-eared gerbil,Muridae,Gerbil,http://en.wikipedia.org/wiki/Desmodillus_auricularis,1179688,"BW,NA,ZA","mammals,rodentia",AT1309
diamphidiasp,Diamphidia sp,Bushman arrow-poison beetle,Chrysomelidae,Beetle,http://en.wikipedia.org/wiki/Diamphidia_sp,,"BW,NA,ZA","coleoptera,insects",AT1309
dicerocaryumzanguebarium,Dicerocaryum zanguebarium,Dicerocaryum sp.,Pedaliaceae,,http://en.wikipedia.org/wiki/Dicerocaryum_zanguebarium,5658248,"BW,NA",lamiales,AT0709
dicerosbicornis,Diceros bicornis,"Black rhinoceros, Hook-lipped rhinoceros",Rhinocerotidae,Rhinoceros,http://en.wikipedia.org/wiki/Diceros_bicornis,311501,"NA,ZA,ZW","mammals,perissodactyla",AT1309
dichrostachyscinerea,Dichrostachys cinerea,Sickle bush,"Fabaceae (Pod-bearing family, Pea family)",,http://en.wikipedia.org/wiki/Dichrostachys_cinerea,644917,"BW,NA,ZA","fabales,shrubs",AT1309
dicomaanomala,Dicoma anomala,"Fever bush, stomach bush",Asteraceae,Bush,http://en.wikipedia.org/wiki/Dicoma_anomala,6268567,"BW,NA","asterales,unspecifiedform",AT0709
dicomacapensis,Dicoma capensis,,Rubiaceae (Coffee family),,http://en.wikipedia.org/wiki/Dicoma_capensis,6268579,"BW,NA,ZA","bulbsherbs,gentianales",AT1309
dicrurusadsimilis,Dicrurus adsimilis,"Fork-tailed drongo, Common drongo, African drongo, Savanna drongo",Dicruridae,Drongo,http://en.wikipedia.org/wiki/Dicrurus_adsimilis,917065,"BW,MZ,NA,ZA,ZW","birds,passeriformes",AT1309
digitariaerianthasteud,Digitaria eriantha Steud,Digitaria sp.,Poaceae,,http://en.wikipedia.org/wiki/Digitaria_eriantha_Steud,,"BW,NA,ZA","grassessedges,poales",AT1309
dinothrombiumsp,Dinothrombium sp,Velvet mite,Trombidiidae,Mite,http://en.wikipedia.org/wiki/Dinothrombium_sp,,"BW,NA,ZA","arachnida,spidersotherarachnids",AT1309
diospyroslycioides,Diospyros lycioides,"Bluebush, star-apple, monkey-plum",Ebenaceae,,http://en.wikipedia.org/wiki/Diospyros_lycioides,5238941,"BW,NA,ZA","ericales,trees",AT1309
dipcadiglaucum,Dipcadi glaucum,Dipcadi sp.,Asparagaceae,,http://en.wikipedia.org/wiki/Dipcadi_glaucum,1087523,"BW,NA,ZA","asparagales,bulbsherbs",AT1309
dipcadilongifolium,Dipcadi longifolium,Dipcadi sp.,Asparagaceae,,http://en.wikipedia.org/wiki/Dipcadi_longifolium,1087529,"BW,NA,ZA","asparagales,bulbsherbs",AT1309
dipcadimarlothiiengl,Dipcadi marlothii Engl.,Dipcadi sp.,Asparagaceae,,http://en.wikipedia.org/wiki/Dipcadi_marlothii_Engl.,1087531,"BW,NA,ZA","asparagales,bulbsherbs",AT1309
dispholidustypus,Dispholidus typus,Boomslang,Colubridae,,http://en.wikipedia.org/wiki/Dispholidus_typus,455553,"BW,NA,ZA","reptiles,squamata","AT0709,AT1309"
dolichospratensis,Dolichos pratensis,Dolichos sp,Fabaceae,,http://en.wikipedia.org/wiki/Dolichos_pratensis,643785,"BW,NA","fabales,unspecifiedform",AT0709
dombeyarotundifolia,Dombeya rotundifolia,South African wild pear,Sterculiaceae,Pear,http://en.wikipedia.org/wiki/Dombeya_rotundifolia,33597011,"BW,ZA","malvales,trees",AT0709
dorylushelvolus,Dorylus helvolus,Red driver ant,Formicidae,,http://en.wikipedia.org/wiki/Dorylus_helvolus,399078,"BW,NA,ZA","hymenoptera,insects",AT1309
duvaliapolita,Duvalia polita,Duvalia sp.,Apocynaceae,,http://en.wikipedia.org/wiki/Duvalia_polita,5337305,"BW,ZA","gentianales,unspecifiedform",AT1309
dytiscussp,Dytiscus sp,Diving beetle,Dytiscidae,Beetle,http://en.wikipedia.org/wiki/Dytiscus_sp,,"BW,NA,ZA","coleoptera,insects",AT1309
ehretiarigida,Ehretia rigida,"Puzzle bush, cape lilac [1]",Boraginaceae (Forget-me-not family),,http://en.wikipedia.org/wiki/Ehretia_rigida,5356102,NA,"boraginaceae,shrubs",AT1309
elephantorrhizaburkei,Elephantorrhiza burkei,Sumach bean,Fabaceae,,http://en.wikipedia.org/wiki/Elephantorrhiza_burkei,685709,"BW,NA","fabales,unspecifiedform",AT0709
elephantorrhizaelephantina,Elephantorrhiza elephantina,"Eland's bean, Elephant's root","Fabaceae (Pod-bearing family, Pea family)",,http://en.wikipedia.org/wiki/Elephantorrhiza_elephantina,686277,"BW,NA,ZA","dwarfshrubs,fabales",AT1309
elephantulusintufi,Elephantulus intufi,"Bushveld elephant shrew, bushveld sengi",Macroscelididae,Shrew,http://en.wikipedia.org/wiki/Elephantulus_intufi,326389,"BW,NA","macroscelidea,mammals",AT0709
eleusineindica,Eleusine indica,Eleusine sp,Poaceae,,http://en.wikipedia.org/wiki/Eleusine_indica,1114926,"BW,ZA","bulbsherbs,poales",AT0709
englerophytummagalismontanum,Englerophytum magalismontanum,Transvaal milkplum,Sapotaceae,Milkplum,http://en.wikipedia.org/wiki/Englerophytum_magalismontanum,1145537,"BW,ZA","ericales,trees",AT0709
eragrostislehmanniana,Eragrostis lehmanniana,Lehmann's love grass,Poaceae (Grass family),,http://en.wikipedia.org/wiki/Eragrostis_lehmanniana,1114373,NA,"grassessedges,poales",AT1309
eragrostisrigidior,Eragrostis rigidior,Eragrostis sp.,Poaceae,,http://en.wikipedia.org/wiki/Eragrostis_rigidior,1115637,"BW,NA","poales,unspecifiedform",AT0709
eragrostistrichophora,Eragrostis trichophora,Eragrostis sp.,Poaceae,,http://en.wikipedia.org/wiki/Eragrostis_trichophora,1114391,"BW,NA,ZA","grassessedges,poales",AT1309
eremias,Eremias,Racerunners,Lacertidae,,http://en.wikipedia.org/wiki/Eremias,34897,"BW,ZA","reptiles,squamata",AT0709
eremopterixleucotis,Eremopterix leucotis,Chestnut-backed sparrow-lark,Alaudidae,,http://en.wikipedia.org/wiki/Eremopterix_leucotis,915709,"BW,NA,ZA","birds,passeriformes","AT0709,AT1309"
eresidaesp,Eresidae sp,Velvet spider,Eresidae,Spieder,http://en.wikipedia.org/wiki/Eresidae_sp,,"BW,NA,ZA","araneae,spidersotherarachnids",AT1309
erythropygiapaena,Erythropygia paena,Kalahari scrub-robin,Muscicapidae,Robin,http://en.wikipedia.org/wiki/Erythropygia_paena,1051502,"BW,NA,ZA","birds,passeriformes",AT1309
eucleacrispa,Euclea crispa,Blue guarri,Ebenaceae,Guarri,http://en.wikipedia.org/wiki/Euclea_crispa,5239783,"BW,NA","ericales,trees",AT0709
eucleanatalensis,Euclea natalensis,Euclea natalensis,Ebenaceae,,http://en.wikipedia.org/wiki/Euclea_natalensis,5239814,"BW,NA","ebenales,unspecifiedform",AT0709
eucleaundulata,Euclea undulata,Small-leaved guarri,Ebenaceae,Guarri,http://en.wikipedia.org/wiki/Euclea_undulata,5239845,"BW,NA","ebenales,unspecifiedform",AT0709
eumenidaesp,Eumenidae sp,Potter wasp,Vespidae,Wasp,http://en.wikipedia.org/wiki/Eumenidae_sp,,"BW,NA,ZA","hymenoptera,insects",AT1309
euplectesorix,Euplectes orix,"Red Bishop, Southern Red Bishop",Ploceidae,,http://en.wikipedia.org/wiki/Euplectes_orix,919513,"BW,ZA","birds,passeriformes",AT0709
euplectesprogne,Euplectes progne,Long-tailed widowbird,Ploceidae,Widowbird,http://en.wikipedia.org/wiki/Euplectes_progne,919564,"BW,ZA","birds,passeriformes",AT0709
eupodotisafra,Eupodotis afra,Black korhaan,Otididae,Korhaan,http://en.wikipedia.org/wiki/Eupodotis_afra,338738,"BW,NA,ZA","birds,gruiformes",AT1309
eupodotisruficrista,Eupodotis ruficrista,Redcrested korhaan,Otididae,Korhaan,http://en.wikipedia.org/wiki/Eupodotis_ruficrista,338733,"BW,NA,ZA","birds,gruiformes",AT1309
eurocephalusanguitimens,Eurocephalus anguitimens,Southern white-crowned shrike,Laniidae,Shrike,http://en.wikipedia.org/wiki/Eurocephalus_anguitimens,1050942,"BW,NA,ZA","birds,passeriformes",AT1309
falcobiarmicus,Falco biarmicus,Lanner falcon,Falconidae,Falcon,http://en.wikipedia.org/wiki/Falco_biarmicus,1049182,"BW,NA,ZA,ZW","birds,falconiformes",AT1309
falcochicquera,Falco chicquera,"Red-necked falcon, red-headed merlin",Falconidae,Falcon,http://en.wikipedia.org/wiki/Falco_chicquera,1049191,"BW,ZA","birds,ciconiiformes",AT0709
falconaumanni,Falco naumanni,Lesser Kestrel,Falconidae,,http://en.wikipedia.org/wiki/Falco_naumanni,1049201,"BW,ZA","birds,ciconiiformes",AT0709
falcoperegrinus,Falco peregrinus,"Peregrine falcon, duck hawk",Falconidae,Falcon,http://en.wikipedia.org/wiki/Falco_peregrinus,1049164,"BW,ZA","birds,ciconiiformes",AT0709
falcorupicoloides,Falco rupicoloides,"Greater kestrel, white-eyed kestrel",Falconidae,Kestrel,http://en.wikipedia.org/wiki/Falco_rupicoloides,1049207,"BW,ZA","birds,ciconiiformes",AT0709
faureasaligna,Faurea saligna,"African beech, transvaal beech, willow beechwood",Proteaceae,Beech,http://en.wikipedia.org/wiki/Faurea_saligna,5510729,"BW,ZA","proteales,trees",AT0709
felislybica,Felis lybica,African wild cat,Felidae,Cat,http://en.wikipedia.org/wiki/Felis_lybica,1253260,"BW,MZ,NA,ZA,ZW","carnivora,mammals",AT1309
felisnigripes,Felis nigripes,Black-footed cat,Felidae,Cat,http://en.wikipedia.org/wiki/Felis_nigripes,328666,"BW,NA,ZA","carnivora,mammals","AT0709,AT1309"
felisserval,Felis serval,Serval,Felidae,,http://en.wikipedia.org/wiki/Felis_serval,1041048,"BW,ZA","carnivora,mammals",AT0709
ferrariaglutinosa,Ferraria glutinosa,Ferraria sp.,Iridaceae,,http://en.wikipedia.org/wiki/Ferraria_glutinosa,5870570,"BW,NA,ZA","asparagales,bulbsherbs",AT1309
ficusingens,Ficus ingens,Red-leaved fig,Moraceae,Fig,http://en.wikipedia.org/wiki/Ficus_ingens,4858350,"BW,NA","rosales,trees",AT0709
ficussalicifolia,Ficus salicifolia,Willow-leaved fig,Moraceae,Fig,http://en.wikipedia.org/wiki/Ficus_salicifolia,4858351,"BW,NA,ZA","rosales,unspecifiedform","AT0709,AT1309"
fimbristylishispidula,Fimbristylis hispidula,Fimbristylis hispidula,Cyperaceae,,http://en.wikipedia.org/wiki/Fimbristylis_hispidula,1125722,"BW,NA,ZA","poales,unspecifiedform",AT0709
formicidaesp,Formicidae sp.,Ants,Formicidae,,http://en.wikipedia.org/wiki/Formicidae_sp.,,"BW,NA,ZA","hymenoptera,insects",AT1309
francolinusadspersus,Francolinus adspersus,Red-billed francolin,Phasianidae,Francolin,http://en.wikipedia.org/wiki/Francolinus_adspersus,900214,"BW,NA,ZA","birds,galliformes",AT1309
galagomoholi,Galago moholi,Mohol bushbaby,Galagonidae,Bushbaby,http://en.wikipedia.org/wiki/Galago_moholi,310964,"BW,ZA","mammals,primates",AT0709
galerellasanguine,Galerella sanguine,"Slender mongoose, black-tipped mongoose, black-tailed mongoose",Herpestidae,Mongoose,http://en.wikipedia.org/wiki/Galerella_sanguine,,"BW,NA,ZA","carnivora,mammals","AT0709,AT1309"
gazaniakrebsianaserrulata,Gazania krebsiana serrulata,Gazania sp,Asteraceae,,http://en.wikipedia.org/wiki/Gazania_krebsiana_serrulata,6252520,"BW,NA,ZA","asterales,bulbsherbs","AT0709,AT1309"
geigeriaburkei,Geigeria burkei,Geigeria sp,Asteraceae,,http://en.wikipedia.org/wiki/Geigeria_burkei,,"BW,NA","asterales,bulbsherbs",AT0709
genettagenetta,Genetta genetta,Common genet,Genetta Genetta,Genet,http://en.wikipedia.org/wiki/Genetta_genetta,328095,"BW,NA,ZA","carnivora,mammals","AT0709,AT1309"
genettagenettapulchra,Genetta genetta pulchra,Small-spotted genet,Viverridae,Genet,http://en.wikipedia.org/wiki/Genetta_genetta_pulchra,33305432,"BW,NA","carnivora,mammals",AT0709
genettatigrina,Genetta tigrina,Cape Genet,Viverridae,Genet,http://en.wikipedia.org/wiki/Genetta_tigrina,328100,"BW,ZA","carnivora,mammals",AT0709
geochelonepardalis,Geochelone pardalis,Leopard tortoise,Testudinidae,Tortoise,http://en.wikipedia.org/wiki/Geochelone_pardalis,794299,"BW,NA,ZA","reptiles,testudines",AT1309
gerrhosaurusflavigularis,Gerrhosaurus flavigularis,Yellow-throated plated lizard,Gerrhosauridae,Lizard,http://en.wikipedia.org/wiki/Gerrhosaurus_flavigularis,1056333,"BW,ZA","reptiles,squamata",AT0709
gerrhosaurusnigrolineatus,Gerrhosaurus nigrolineatus,Black-lined plated lizard,Gerrhosauridae,,http://en.wikipedia.org/wiki/Gerrhosaurus_nigrolineatus,794192,"BW,NA,ZA,ZW","reptiles,squamata",
giraffacamelopardalis,Giraffa camelopardalis,Giraffe,Giraffidae,,http://en.wikipedia.org/wiki/Giraffa_camelopardalis,308378,"BW,MZ,NA,ZA,ZW","artiodactyla,mammals",AT1309
glaucidiumperlatum,Glaucidium perlatum,Pearlspotted owlet,Strigidae,Owlet,http://en.wikipedia.org/wiki/Glaucidium_perlatum,1178265,"BW,NA,ZA","birds,strigiformes",AT1309
glossinasp,Glossina sp,Tsetse fly,Glossinidae,Fly,http://en.wikipedia.org/wiki/Glossina_sp,,"BW,ZA","diptera,insects",AT0709
gnaphaliumundulatum,Gnaphalium undulatum,Gnaphalium sp,Asteraceae,,http://en.wikipedia.org/wiki/Gnaphalium_undulatum,6237096,"BW,NA","asterales,unspecifiedform",AT0709
gnidiacapitata,Gnidia capitata,Gnidia sp,Thymelaeaceae,,http://en.wikipedia.org/wiki/Gnidia_capitata,5469533,"BW,NA","myrtales,unspecifiedform",AT0709
gnidiapolycephala,Gnidia polycephala,Gnidia sp.,Thymelaeaceae,,http://en.wikipedia.org/wiki/Gnidia_polycephala,5468970,"BW,NA,ZA","myrtales,unspecifiedform",AT1309
gomphocarpusfruticosus,Gomphocarpus fruticosus,"Milkweed, Wild cotton, Firesticks",Apocynaceae (Milkweed family),,http://en.wikipedia.org/wiki/Gomphocarpus_fruticosus,2892993,NA,"bulbsherbs,gentianales",AT1309
gonopussp,Gonopus sp,"Darkling beetle, darkening beetle",Tenebrionidae,Beetles,http://en.wikipedia.org/wiki/Gonopus_sp,,"BW,NA,ZA","coleoptera,insects",AT1309
graphiurusmurinus,Graphiurus murinus,"Woodland dormouse, African dwarf dormouse, African pygmy dormouse, Micro squirrel",Myoxidae,Dormouse,http://en.wikipedia.org/wiki/Graphiurus_murinus,327925,"BW,NA","mammals,rodentia",AT0709
grewiaavellanahiern,Grewia avellana Hiern,Grewia sp.,Malvaceae,,http://en.wikipedia.org/wiki/Grewia_avellana_Hiern,5423882,"BW,NA,ZA","malvales,unspecifiedform",AT1309
grewiaflava,Grewia flava,Velvet raisin,Malvaceae (Mallow family),,http://en.wikipedia.org/wiki/Grewia_flava,5424028,"BW,NA,ZA","malvales,shrubs",AT1309
grewiaflavescens,Grewia flavescens,Rough-leaved raisin,Malvaceae,,http://en.wikipedia.org/wiki/Grewia_flavescens,5424029,"BW,NA,ZA","malvales,shrubs",AT1309
grewiaoccidentalis,Grewia occidentalis,Crossberry,Malvaceae,,http://en.wikipedia.org/wiki/Grewia_occidentalis,5424044,"BW,ZA","malvales,unspecifiedform",AT0709
grewiaretinervis,Grewia retinervis,Kalahari sand raisin,Malvaceae (Mallow family),,http://en.wikipedia.org/wiki/Grewia_retinervis,5424289,"BW,NA,ZA","malvales,shrubs",AT1309
gryllidaesp,Gryllidae sp,Cricket,Gryllidae,,http://en.wikipedia.org/wiki/Gryllidae_sp,,"BW,ZA","insects,orthoptera",AT0709
gymnosporiaheterophylla,Gymnosporia heterophylla,Gymnosporia heterophylla,Celastraceae,,http://en.wikipedia.org/wiki/Gymnosporia_heterophylla,33589446,"BW,ZA","celastrales,trees",AT0709
gypsafricanus,Gyps africanus,White-backed vulture,Accipitridae,Vulture,http://en.wikipedia.org/wiki/Gyps_africanus,1047564,"BW,NA,ZA","accipitriformes,birds",AT1309
gypscoprotheres,Gyps coprotheres,"Cape vulture, Cape griffon",Accipitridae,Vulture,http://en.wikipedia.org/wiki/Gyps_coprotheres,912805,"BW,NA,ZA","accipitriformes,birds",AT1309
gyrinidaesp,Gyrinidae sp,Whirligig beetle,Gyrinidae,Beetle,http://en.wikipedia.org/wiki/Gyrinidae_sp,,"BW,ZA","coleoptera,insects",AT0709
haliaeetusvocifer,Haliaeetus vocifer,African Fish Eagle,Accipitridae,,http://en.wikipedia.org/wiki/Haliaeetus_vocifer,914530,"BW,ZA","birds,falconiformes",AT0709
harpagophytumprocumbens,Harpagophytum procumbens,"Devil's claw, Grapple plant",Pedaliaceae (Sesame family),,http://en.wikipedia.org/wiki/Harpagophytum_procumbens,5658266,"BW,NA,ZA","creepersclimbers,lamiales",AT1309
helichrysumparonychioides,Helichrysum paronychioides,Helichrysum sp,Asteraceae,,http://en.wikipedia.org/wiki/Helichrysum_paronychioides,,"BW,NA","asterales,unspecifiedform",AT0709
helioboluslugubris,Heliobolus lugubris,Bushveld lizard,Lacertidae,Lizard,http://en.wikipedia.org/wiki/Heliobolus_lugubris,793367,"BW,NA","reptiles,squamata",AT1309
heliotropiumciliatum,Heliotropium ciliatum,,Boraginaceae (Forget-me-not-family),,http://en.wikipedia.org/wiki/Heliotropium_ciliatum,5353982,NA,"boraginaceae,bulbsherbs",AT1309
helogaleparvula,Helogale parvula,Dwarf mongoose,Herpestidae,Mongoose,http://en.wikipedia.org/wiki/Helogale_parvula,999177,"BW,ZA","carnivora,mammals",AT0709
hemachatushaemachatus,Hemachatus haemachatus,"Rinkhals, ring-necked spitting cobra, ringhals",Elapidae,,http://en.wikipedia.org/wiki/Hemachatus_haemachatus,793365,"BW,ZA","reptiles,squamata",AT0709
hermanniatomentosa,Hermannia tomentosa,Hermannia sp.,Sterculiaceae,,http://en.wikipedia.org/wiki/Hermannia_tomentosa,5420151,"BW,NA,ZA","malvales,unspecifiedform",AT1309
hermbstaedtiafleckii,Hermbstaedtia fleckii,Cat's tail,Amaranthaceae,,http://en.wikipedia.org/wiki/Hermbstaedtia_fleckii,5173187,"BW,NA,ZA","bulbsherbs,caryophyllales",AT1309
hibiscusengleri,Hibiscus engleri,Hibiscus sp,Malvaceae,,http://en.wikipedia.org/wiki/Hibiscus_engleri,5412744,"BW,NA","malvales,unspecifiedform",AT0709
hippoboscidaesp,Hippoboscidae sp,louse fly,Hippoboscidae,Fly,http://en.wikipedia.org/wiki/Hippoboscidae_sp,,"BW,NA,ZA","diptera,insects",AT1309
hippopotamusamphibius,Hippopotamus amphibius,"Hippopotamus, Hippo",Hippopotamidae,,http://en.wikipedia.org/wiki/Hippopotamus_amphibius,311532,"BW,MZ,NA,ZA,ZW","artiodactyla,mammals","AT0725,AT0907"
hippotragusniger,Hippotragus niger,Sable antelope,Bovidae,Antelope,http://en.wikipedia.org/wiki/Hippotragus_niger,331077,"BW,ZA","artiodactyla,mammals",AT0709
hodotermes,Hodotermes,Northern harvester termite,Hodotermitidae,Termite,http://en.wikipedia.org/wiki/Hodotermes,8976933,"BW,NA,ZA","insects,isoptera",AT1309
hoffmannseggiaburchellii,Hoffmannseggia burchellii,Hoffmannseggia sp.,Fabaceae,,http://en.wikipedia.org/wiki/Hoffmannseggia_burchellii,416098,"BW,NA,ZA","fabales,unspecifiedform",AT1309
hyaenabrunnea,Hyaena brunnea,Brown hyena,Hyaenidae,Hyena,http://en.wikipedia.org/wiki/Hyaena_brunnea,925983,"BW,NA,ZA","carnivora,mammals","AT0709,AT1309"
hyparrheniafilipendulapilosa,Hyparrhenia filipendula pilosa,Hyparrhenia sp,Poaceae,,http://en.wikipedia.org/wiki/Hyparrhenia_filipendula_pilosa,,"BW,NA","poales,unspecifiedform",AT0709
hypolimnasmisippus,Hypolimnas misippus,"Diadem, Danaid eggfly",Papilionidae,,http://en.wikipedia.org/wiki/Hypolimnas_misippus,163036,"BW,ZA","insects,lepidoptera",AT1309
hypoxisnitida,Hypoxis nitida,Hypoxis sp,Hypoxidaceae,,http://en.wikipedia.org/wiki/Hypoxis_nitida,,"BW,NA","asparagales,unspecifiedform",AT0709
hystrixafricaeaustralis,Hystrix africaeaustralis,"Cape porcupine, South African porcupine",Hystricidae,Porcupine,http://en.wikipedia.org/wiki/Hystrix_africaeaustralis,326520,"BW,NA,ZA","mammals,rodentia","AT0709,AT1309"
ichneumiaalbicauda,Ichneumia albicauda,White-tailed mongoose,Herpestidae,Mongoose,http://en.wikipedia.org/wiki/Ichneumia_albicauda,127969,"BW,ZA","carnivora,mammals",AT0709
ictonyxstriatus,Ictonyx striatus,Striped polecat,Mustelidae,Polecat,http://en.wikipedia.org/wiki/Ictonyx_striatus,328039,"BW,NA","carnivora,mammals",AT1309
indigoferacharlieriana,Indigofera charlieriana,Indigofera sp.,"Fabaceae (Pod-bearing family, Pea family)",,http://en.wikipedia.org/wiki/Indigofera_charlieriana,661280,"BW,NA,ZA","creepersclimbers,fabales",AT1309
ipomoeabolusiana,Ipomoea bolusiana,"Narrow-leaved pink ipomoea, wild morning glory",Convolvulaceae (Morning glory family),Ipomoea,http://en.wikipedia.org/wiki/Ipomoea_bolusiana,36563207,"BW,NA,ZA","creepersclimbers,solanales",AT1309
juliformiasp,Juliformia sp.,Worm-like millipedes,Order Spirobolida?,,http://en.wikipedia.org/wiki/Juliformia_sp.,,"BW,NA","otherinvertebrates,spirobolida",AT1309
kalanchoelanceolata,Kalanchoe lanceolata,Kalanchoe sp,Crassulaceae,,http://en.wikipedia.org/wiki/Kalanchoe_lanceolata,5549068,"BW,NA","bulbsherbs,saxifragales",AT0709
kalanchoepaniculata,Kalanchoe paniculata,Kalanchoe sp.,Crassulaceae,,http://en.wikipedia.org/wiki/Kalanchoe_paniculata,5549118,"BW,NA,ZA","saxifragales,succulents",AT1309
kalanchoerotundifolia,Kalanchoe rotundifolia,Kalanchoe sp,Crassulaceae,,http://en.wikipedia.org/wiki/Kalanchoe_rotundifolia,5549159,"BW,NA","saxifragales,succulents",AT0709
kedrostishirtella,Kedrostis hirtella,Kedrostis sp,Cucurbitaceae,,http://en.wikipedia.org/wiki/Kedrostis_hirtella,5737438,"BW,NA","creepersclimbers,cucurbitales",AT0709
kinixysbelliana,Kinixys belliana,"Bell's hingeback tortoise, Bell's Hinged Tortoise, Bell's Tortoise",Testudinidae,Tortoise,http://en.wikipedia.org/wiki/Kinixys_belliana,793051,"BW,ZA","reptiles,testudines",AT0709
kobusellipsiprymnus,Kobus ellipsiprymnus,Waterbuck,Bovidae,,http://en.wikipedia.org/wiki/Kobus_ellipsiprymnus,328724,"BW,MZ,ZA,ZW","artiodactyla,mammals",
kyllingaalata,Kyllinga alata,Kyllinga sp.,Cyperaceae,,http://en.wikipedia.org/wiki/Kyllinga_alata,17029611,"BW,NA,ZA","grassessedges,poales",AT1309
kyllingaalba,Kyllinga alba,White sedge,Cyperaceae (Sedge family),Sedge,http://en.wikipedia.org/wiki/Kyllinga_alba,1117274,"BW,NA,ZA","grassessedges,poales",AT1309
lamprotornisnitens,Lamprotornis nitens,"Glossy starling, Cape glossy starling, Red-shouldered glossy-starling",Sturnidae,Starling,http://en.wikipedia.org/wiki/Lamprotornis_nitens,1052499,"BW,NA,ZA","birds,passeriformes",AT1309
lampyridaesp,Lampyridae sp,"Firefly, lightning bug",Lampyridae,,http://en.wikipedia.org/wiki/Lampyridae_sp,,"BW,ZA","coleoptera,insects",AT0709
laniariusatrococcineus,Laniarius atrococcineus,"Crimson-breasted gonolek, crimson-breasted shrike",Malaconotidae,Gonolek,http://en.wikipedia.org/wiki/Laniarius_atrococcineus,1050952,"BW,NA,ZA","birds,passeriformes",AT1309
laniuscollaris,Lanius collaris,"Fiscal shrike, common fiscal",Laniidae,Shrike,http://en.wikipedia.org/wiki/Lanius_collaris,1050916,"BW,ZA","birds,passeriformes",AT0709
laniusminor,Lanius minor,Lesser grey shrike,Laniidae,Shrike,http://en.wikipedia.org/wiki/Lanius_minor,1050928,"BW,NA,ZA","birds,passeriformes",AT1309
lanneadiscolor,Lannea discolor,Lannea sp,Anacardiaceae,,http://en.wikipedia.org/wiki/Lannea_discolor,6935354,"BW,NA","sapindales,unspecifiedform",AT0709
lantanarugosa,Lantana rugosa,Lantana sp,Verbenaceae,,http://en.wikipedia.org/wiki/Lantana_rugosa,5385472,"BW,NA","lamiales,unspecifiedform",AT0709
lasiocampidae,Lasiocampidae,Tent caterpillar moth,Lasiocampidae,Moth,http://en.wikipedia.org/wiki/Lasiocampidae,848,"BW,NA,ZA","insects,lepidoptera",AT1309
ledebouriamarginata,Ledebouria marginata,Ledebouria sp,Asparagaceae,,http://en.wikipedia.org/wiki/Ledebouria_marginata,1003549,"BW,NA","asparagales,unspecifiedform",AT0709
ledebouriasp,Ledebouria sp,Ledebouria sp,Asparagaceae,,http://en.wikipedia.org/wiki/Ledebouria_sp,,"BW,ZA","asparagales,bulbsherbs",AT0709
leonotismicrophylla,Leonotis microphylla,Leonotis sp,Lamiaceae,,http://en.wikipedia.org/wiki/Leonotis_microphylla,,"BW,NA","lamiales,unspecifiedform",AT0709
leptoptiloscrumeniferus,Leptoptilos crumeniferus,Marabou stork,Ciconiidae,Stork,http://en.wikipedia.org/wiki/Leptoptilos_crumeniferus,1049153,"BW,ZA","birds,ciconiiformes",AT0709
leptotyphlopssp,Leptotyphlops sp,Slender blind snake,Leptotyphlopidae,Snake,http://en.wikipedia.org/wiki/Leptotyphlops_sp,,"BW,NA,ZA","reptiles,squamata",AT1309
lepuscapensis,Lepus capensis,Cape hare,Leporidae,Hare,http://en.wikipedia.org/wiki/Lepus_capensis,327967,"BW,ZA","lagomorpha,mammals",AT0709
lepuseuropaeus,Lepus europaeus,"European hare, brown hare",Leporidae,Hare,http://en.wikipedia.org/wiki/Lepus_europaeus,118009,"BW,ZA","lagomorpha,mammals",AT0709
lepussaxatilis,Lepus saxatilis,"Scrub hare, Bush hare",Leporidae,Hare,http://en.wikipedia.org/wiki/Lepus_saxatilis,311984,"BW,NA,ZA","lagomorpha,mammals",AT1309
leucasmartinicensis,Leucas martinicensis,Leucas sp,Lamiaceae,,http://en.wikipedia.org/wiki/Leucas_martinicensis,579214,"BW,NA,ZA","bulbsherbs,lamiales",AT1309
lippiajavanica,Lippia javanica,"Fever tea, lemon bush",Verbenaceae,,http://en.wikipedia.org/wiki/Lippia_javanica,5388980,"BW,NA","bulbsherbs,lamiales",AT0709
lippiascaberrima,Lippia scaberrima,Lippia sp,Verbenaceae,,http://en.wikipedia.org/wiki/Lippia_scaberrima,5389151,"BW,NA","lamiales,shrubs",AT0709
locustamigratoriamigratorioides,Locusta migratoria migratorioides,African locust,Acrididae,Locust,http://en.wikipedia.org/wiki/Locusta_migratoria_migratorioides,1238398,"BW,ZA","insects,orthoptera",AT0709
locustanapardalina,Locustana pardalina,brown locust,Acrididae,Locust,http://en.wikipedia.org/wiki/Locustana_pardalina,659564,"BW,NA","insects,orthoptera",AT0709
lonchocarpusnelsii,Lonchocarpus nelsii,Kalahari appleleaf,Fabaceae,,http://en.wikipedia.org/wiki/Lonchocarpus_nelsii,686451,"BW,NA,ZA","fabales,unspecifiedform",AT1309
loxodontaafricana,Loxodonta africana,"African bush elephant, bush elephant, savanna elephant",Elephantidae,Elephant,http://en.wikipedia.org/wiki/Loxodonta_africana,289808,"BW,NA,ZA","mammals,proboscidea","AT0709,AT1309"
lycaonpictus,Lycaon pictus,"African wild dog, cape hunting dog, spotted dog, ornate wolf, painted wolf",Canidae,Dog,http://en.wikipedia.org/wiki/Lycaon_pictus,328697,"BW,NA,ZA","carnivora,mammals","AT0709,AT1309"
lycidaesp,Lycidae sp,Net-winged beetle,Lycidae,Beetle,http://en.wikipedia.org/wiki/Lycidae_sp,,"BW,ZA","coleoptera,insects",AT0709
lyciumbosciifolium,Lycium bosciifolium,Limpopo honey-thorn,"Solanaceae (Potato family, Tomato family)",,http://en.wikipedia.org/wiki/Lycium_bosciifolium,5700974,NA,"shrubs,solanales",AT1309
lycosasp,Lycosa sp,Wolf spider,Lycosidae,Spider,http://en.wikipedia.org/wiki/Lycosa_sp,,"BW,NA,ZA","araneae,spidersotherarachnids",AT1309
mabouyapunctatissima,Mabouya punctatissima,Mabouya sp,Scincidae,,http://en.wikipedia.org/wiki/Mabouya_punctatissima,,"BW,NA,ZA","reptiles,squamata",AT1309
macronousgularis,Macronous gularis,Striped tit-babbler,Timaliidae,Tit-babbler,http://en.wikipedia.org/wiki/Macronous_gularis,1052269,"BW,NA,ZA","birds,passeriformes",AT1309
macroscelidesproboscideus,Macroscelides proboscideus,"Short-eared elephant shrew, Round-eared sengi",Macroscelididae,Shrew,http://en.wikipedia.org/wiki/Macroscelides_proboscideus,326395,"NA,ZA","macroscelidea,mammals","AT1314,AT1315,AT1322"
macrotermessp,Macrotermes sp,Macrotermes sp,Termitidae,,http://en.wikipedia.org/wiki/Macrotermes_sp,,"BW,NA","insects,isoptera",AT1309
maeruaangolensis,Maerua angolensis,Bead-bean,Capparaceae,Bean,http://en.wikipedia.org/wiki/Maerua_angolensis,5163284,"BW,NA","brassicales,unspecifiedform",AT0709
manistemminckii,Manis temminckii,Ground pangolin,Manidae,Pangolin,http://en.wikipedia.org/wiki/Manis_temminckii,337648,"BW,NA,ZA","mammals,pholidota",AT1309
mantodeasp,Mantodea sp.,Praying mantis,Mantodea (Order),,http://en.wikipedia.org/wiki/Mantodea_sp.,,NA,"insects,mantodea",AT1309
mariscuschersinus,Mariscus chersinus,Monkey blub,Cyperaceae,,http://en.wikipedia.org/wiki/Mariscus_chersinus,1122094,"BW,NA,ZA","grassessedges,poales",AT1309
megachilesp,Megachile sp,Leafcutter bee,Megachilidae,Bee,http://en.wikipedia.org/wiki/Megachile_sp,104071,"BW,NA,ZA","hymenoptera,insects",AT1309
melhaniaacuminata,Melhania acuminata,Melhania sp.,Sterculiaceae,,http://en.wikipedia.org/wiki/Melhania_acuminata,,"BW,NA,ZA","malvales,unspecifiedform",AT1309
melieraxcanorus,Melierax canorus,Pale chanting goshawk,Accipitridae,Goshawk,http://en.wikipedia.org/wiki/Melierax_canorus,1047585,"BW,NA,ZA","birds,falconiformesoraccipitriformes",AT1309
melieraxgabar,Melierax gabar,Gabar Goshawk,Accipitridae,,http://en.wikipedia.org/wiki/Melierax_gabar,1047586,"BW,ZA","birds,falconiformes",AT0709
melinisrepens,Melinis repens,"Rose Natal grass, Natal grass, Natal redtop",Poaceae,Grass,http://en.wikipedia.org/wiki/Melinis_repens,1115846,"BW,ZA","grassessedges,poales",AT0709
mellivoracapensis,Mellivora capensis,Honey badger,Mustelidae,Badger,http://en.wikipedia.org/wiki/Mellivora_capensis,328035,"BW,NA,ZA","carnivora,mammals","AT0709,AT1309"
meloidaesp,Meloidae sp.,"Blister beetles, Oil beetles, CMR beetles",Meloidae,,http://en.wikipedia.org/wiki/Meloidae_sp.,,"BW,NA,ZA","coleoptera,insects",AT1309
melolonthinaesp,Melolonthinae sp,May beetles,Scarabaeidae,Beetle,http://en.wikipedia.org/wiki/Melolonthinae_sp,,"BW,NA,ZA","coleoptera,insects",AT1309
meropshirundineus,Merops hirundineus,Swallow-tailed bee-eater,Meropidae,Bee-eater,http://en.wikipedia.org/wiki/Merops_hirundineus,1050041,"BW,NA,ZA","birds,coraciiformes",AT1309
milvusaegyptius,Milvus aegyptius,Yellowbilled kite,Accipitridae,Kite,http://en.wikipedia.org/wiki/Milvus_aegyptius,4378865,"BW,NA,ZA","birds,falconiformesoraccipitriformes",AT1309
milvusmigrans,Milvus migrans,Black kite,Accipitridae,Kite,http://en.wikipedia.org/wiki/Milvus_migrans,1049133,"BW,NA,ZA","birds,falconiformesoraccipitriformes",AT1309
mimusopszeyheri,Mimusops zeyheri,Transvaal red milkwood,Sapotaceae,,http://en.wikipedia.org/wiki/Mimusops_zeyheri,1154193,"BW,NA","ericales,trees",AT0709
mirafrasabota,Mirafra sabota,Sabota lark,Alaudidae,Lark,http://en.wikipedia.org/wiki/Mirafra_sabota,915974,"BW,NA","birds,passeriformes",AT0709
momordicabalsamina,Momordica balsamina,"Balsam apple, cundeamor,balsam pear",Cucurbitaceae,,http://en.wikipedia.org/wiki/Momordica_balsamina,584305,"BW,NA,ZA","creepersclimbers,curcurbitales",AT1309
monechmagenistifolium,Monechma genistifolium,Perdebos,Acanthaceae (Acanthus family),,http://en.wikipedia.org/wiki/Monechma_genistifolium,,"BW,NA,ZA","dwarfshrubs,lamiales",AT1309
monechmaincanum,Monechma incanum,,Acanthaceae (Acanthus family),,http://en.wikipedia.org/wiki/Monechma_incanum,5633997,NA,"dwarfshrubs,lamiales",AT1309
monopeltis,Monopeltis,Monopeltis,Amphisbaenidae,,http://en.wikipedia.org/wiki/Monopeltis,35596,"BW,NA","reptiles,squamata",AT0709
montagneasp,Montagnea sp,Montagnea sp,Agaricaceae,,http://en.wikipedia.org/wiki/Montagnea_sp,,"BW,NA,ZA","agaricales,fungi",AT1309
monticolarupestris,Monticola rupestris,Cape rock thrush,Turdidae,Thrush,http://en.wikipedia.org/wiki/Monticola_rupestris,1052796,"BW,ZA","birds,passeriformes",AT0709
motacillacapensis,Motacilla capensis,Cape Wagtail,Motacillidae,,http://en.wikipedia.org/wiki/Motacilla_capensis,1051313,"BW,ZA","birds,passeriformes",AT0709
munduleasericea,Mundulea sericea,"Cork bush, silver bush, Rhodesian silver-leaf",Rhodesian silver-leaf,Bush,http://en.wikipedia.org/wiki/Mundulea_sericea,687024,"BW,NA","fabales,unspecifiedform",AT0709
mungosmungo,Mungos mungo,Banded mongoose,Herpestidae,Mongoose,http://en.wikipedia.org/wiki/Mungos_mungo,311541,"BW,NA,ZA","carnivora,mammals",AT1309
musindutus,Mus indutus,Desert Pygmy Mouse,Muridae,Mouse,http://en.wikipedia.org/wiki/Mus_indutus,1179235,"BW,NA,ZA","mammals,rodentia",AT1309
mylabrissp,Mylabris sp,Blister beelte,Meloidae,Beelte,http://en.wikipedia.org/wiki/Mylabris_sp,,"BW,ZA","coleoptera,insects",AT0709
myrmecocichlaformicivora,Myrmecocichla formicivora,Southern anteater-chat,Muscicapidae,Chat,http://en.wikipedia.org/wiki/Myrmecocichla_formicivora,1051590,"BW,ZA","birds,passeriformes",AT0709
myrmeleonquinquemaculata,Myrmeleon quinquemaculata,Dragonfly,Myrmeleontidae,,http://en.wikipedia.org/wiki/Myrmeleon_quinquemaculata,,"BW,NA","insects,neuroptera",AT1309
najahaje,Naja haje,Egyptian cobra,Elapidae,Cobra,http://en.wikipedia.org/wiki/Naja_haje,458632,,"reptiles,squamata",
najanigricollis,Naja nigricollis,"Spitting cobra, black necked spitting cobra, western barred spitting cobra",Elapidae,Cobra,http://en.wikipedia.org/wiki/Naja_nigricollis,791404,"BW,ZA","reptiles,squamata",AT0709
najanivea,Naja nivea,Cape cobra,Elapidae,Cobra,http://en.wikipedia.org/wiki/Naja_nivea,791402,"BW,NA,ZA","reptiles,squamata",AT1309
nectariniamariquensis,Nectarinia mariquensis,"Mariqua sunbird, marico sunbird",Nectariniidae,Sunbird,http://en.wikipedia.org/wiki/Nectarinia_mariquensis,1051767,"BW,NA,ZA","birds,passeriformes",AT1309
nectariniidaesp,Nectariniidae sp,Sunbird,Nectariniidae,,http://en.wikipedia.org/wiki/Nectariniidae_sp,,"BW,ZA","birds,passeriformes",AT0709
neorautaneniaamboensis,Neorautanenia amboensis,Neorautanenia sp.,Fabaceae,,http://en.wikipedia.org/wiki/Neorautanenia_amboensis,645083,"BW,NA,ZA","fabales,unspecifiedform",AT1309
nepidaesp,Nepidae sp,Water scorpions,Nepidae,Scorpion,http://en.wikipedia.org/wiki/Nepidae_sp,,"BW,ZA","hemiptera,insects",AT0709
nidorellaresedifolia,Nidorella resedifolia,Nidorella sp,Asteraceae,,http://en.wikipedia.org/wiki/Nidorella_resedifolia,5119736,"BW,NA","asterales,unspecifiedform",AT0709
nomadacrisseptemfasciata,Nomadacris septemfasciata,Red locust,Acrididae,Locust,http://en.wikipedia.org/wiki/Nomadacris_septemfasciata,856840,"BW,ZA","insects,orthoptera",AT0709
nomiasp,Nomia sp,Nomia sp,Halictidae,,http://en.wikipedia.org/wiki/Nomia_sp,,"BW,NA,ZA","hymenoptera,insects",AT0709
numidameleagris,Numida meleagris,Helmeted guineafowl,Numididae,Guineafowl,http://en.wikipedia.org/wiki/Numida_meleagris,1049265,NA,"birds,galliformes",AT1309
nycteristhebaica,Nycteris thebaica,Egyptian Slit-faced Bat,Nycteridae,Bat,http://en.wikipedia.org/wiki/Nycteris_thebaica,1038760,"BW,NA,ZA","chiroptera,mammals",AT1309
ochnapulchra,Ochna pulchra,"Peeling-bark Ochna, peeling plane",Ochnaceae,Ochna,http://en.wikipedia.org/wiki/Ochna_pulchra,5714446,"BW,NA,ZA","malpighiales,trees",AT1309
oenacapensis,Oena capensis,Namaqua dove,Columbidae,Dove,http://en.wikipedia.org/wiki/Oena_capensis,1049786,"BW,MZ,NA,ZA,ZW","birds,columbiformes",AT1309
oleaeuropaeaafricana,Olea europaea africana,African olive,Oleaceae,Olive,http://en.wikipedia.org/wiki/Olea_europaea_africana,1278130,"BW,NA","lamiales,unspecifiedform",AT0709
olenecamptussp,Olenecamptus sp,Olenecamptus sp,Cerambycidae,,http://en.wikipedia.org/wiki/Olenecamptus_sp,,"BW,NA,ZA","coleoptera,insects",AT1309
omorgussp,Omorgus sp,Hide or skin beetle,Trogidae,Beetle,http://en.wikipedia.org/wiki/Omorgus_sp,,"BW,NA,ZA","coleoptera,insects",AT1309
onychognathusmorio,Onychognathus morio,Red-winged starling,Sturnidae,Starling,http://en.wikipedia.org/wiki/Onychognathus_morio,1052517,"BW,ZA","birds,passeriformes",AT0709
orbeopsisknobelii,Orbeopsis knobelii,Orbeopsis sp.,Apocynaceae,,http://en.wikipedia.org/wiki/Orbeopsis_knobelii,,"BW,NA,ZA","gentianales,succulents",AT1309
oreotragusoreotragus,Oreotragus oreotragus,Klipspringer,Bovidae,,http://en.wikipedia.org/wiki/Oreotragus_oreotragus,331065,"BW,ZA","artiodactyla,mammals",AT0709
ornithogalumlongibracteatum,Ornithogalum longibracteatum,Pregnant onion plant,Hyacinthaceae,,http://en.wikipedia.org/wiki/Ornithogalum_longibracteatum,1014179,"BW,NA,ZA","asparagales,unspecifiedform",AT1309
orycteropusafer,Orycteropus afer,"Aardvark, antbear",Orycteropodidae,,http://en.wikipedia.org/wiki/Orycteropus_afer,327830,"BW,MZ,NA,ZA,ZW","mammals,tubulidentata",AT1309
oryxgazella,Oryx gazella,"Gemsbok, Oryx",Bovidae,,http://en.wikipedia.org/wiki/Oryx_gazella,331079,"BW,NA,ZA,ZW","artiodactyla,mammals",AT1309
osyrislanceolata,Osyris lanceolata,Osyris sp,Santalaceae,,http://en.wikipedia.org/wiki/Osyris_lanceolata,5610491,"BW,ZA","santalales,unspecifiedform",AT0709
otocyonmegalotis,Otocyon megalotis,"Bat-eared fox, Long-eared fox",Canidae,Fox,http://en.wikipedia.org/wiki/Otocyon_megalotis,37682085,,"carnivora,mammals",
otolemurcrassicaudatus,Otolemur crassicaudatus,"Brown greater galago, greater bush baby",Galagonidae,Galago,http://en.wikipedia.org/wiki/Otolemur_crassicaudatus,324410,"BW,ZA","mammals,primates",AT0709
otopteraburchellii,Otoptera burchellii,Otoptera sp.,Fabaceae,,http://en.wikipedia.org/wiki/Otoptera_burchellii,645197,"BW,NA,ZA","fabales,unspecifiedform",AT1309
otusleucotis,Otus leucotis,White-faced scops owl,Strigidae,Owl,http://en.wikipedia.org/wiki/Otus_leucotis,1024939,"BW,ZA","birds,strigiformes",AT0709
oxaliscorniculata,Oxalis corniculata,"Creeping woodsorrel, procumbent yellow-sorrel",Oxalidaceae,Woodsorrel,http://en.wikipedia.org/wiki/Oxalis_corniculata,582447,"BW,ZA","bulbsherbs,geraniales",AT0709
oxygonumalatum,Oxygonum alatum,Oxygonum sp.,Polygonaceae,,http://en.wikipedia.org/wiki/Oxygonum_alatum,5498352,"BW,NA,ZA","bulbsherbs,caryophyllales",AT1309
ozoroapaniculosa,Ozoroa paniculosa,"Common resin tree, bushveld ozoroa",Anacardiaceae,Tree,http://en.wikipedia.org/wiki/Ozoroa_paniculosa,6935458,"BW,NA","sapindales,trees",AT0709
pachydactyluscapensis,Pachydactylus capensis,"Cape thick-toed gecko, common cape gecko",Gekkonidae,Gecko,http://en.wikipedia.org/wiki/Pachydactylus_capensis,1055699,"BW,NA","reptiles,squamata",AT0709
pachydactylusturneri,Pachydactylus turneri,Turner's thick-toed gecko,Gekkonidae,,http://en.wikipedia.org/wiki/Pachydactylus_turneri,790060,"BW,NA,ZA","reptiles,squamata",AT1309
pancratiumtenuifolium,Pancratium tenuifolium,Pancratium sp.,Alliaceae,,http://en.wikipedia.org/wiki/Pancratium_tenuifolium,1081673,"BW,NA,ZA","asparagales,bulbsherbs",AT1309
panicumkalaharense,Panicum kalaharense,Panicum sp.,Poaceae,,http://en.wikipedia.org/wiki/Panicum_kalaharense,5806138,"BW,NA,ZA","grassessedges,poales",AT1309
panicummaximum,Panicum maximum,"Guinea grass, buffalo grass,",Poaceae,Grass,http://en.wikipedia.org/wiki/Panicum_maximum,1115687,"BW,NA,ZA","grassessedges,poales",AT1309
pantheraleo,Panthera leo,Lion,Felidae,,http://en.wikipedia.org/wiki/Panthera_leo,328672,"BW,MZ,NA,ZA,ZW","carnivora,mammals",AT1309
pantheraparduspardus,Panthera pardus pardus,Leopard,Felidae,,http://en.wikipedia.org/wiki/Panthera_pardus_pardus,1270484,"BW,NA,ZA","carnivora,mammals","AT0709,AT1309"
papioursinus,Papio ursinus,Chacma baboon,Cercopithecidae,Baboon,http://en.wikipedia.org/wiki/Papio_ursinus,2925218,"BW,NA,ZA","mammals,primates","AT0709,AT1309"
pappeacapensis,Pappea capensis,"Jacket plum, indaba tree, bushveld cherry",Apiaceae,Plum,http://en.wikipedia.org/wiki/Pappea_capensis,5051579,"BW,NA","apiales,trees",AT0709
parabuthusgranulatus,Parabuthus granulatus,Parabuthus sp.,Buthidae,,http://en.wikipedia.org/wiki/Parabuthus_granulatus,5012059,"BW,NA,ZA","scorpiones,spidersotherarachnids",AT1309
paraxeruscepapi,Paraxerus cepapi,"Yellow-footed squirrel, tree Squirrel, Smith's bush squirrel",Sciuridae,Squirrel,http://en.wikipedia.org/wiki/Paraxerus_cepapi,321419,"BW,ZA","mammals,rodentia",AT0709
parinaricapensis,Parinari capensis,Parinari sp,Chrysobalanaceae,,http://en.wikipedia.org/wiki/Parinari_capensis,632316,"BW,NA","rosales,unspecifiedform",AT0709
passerdomesticus,Passer domesticus,House sparrow,Passeridae,Sparrow,http://en.wikipedia.org/wiki/Passer_domesticus,922241,"BW,ZA","birds,passeriformes",AT0709
passergriseus,Passer griseus,"Grey-headed Sparrow, northern grey-headedsSparrow",Passeridae,,http://en.wikipedia.org/wiki/Passer_griseus,1052109,"BW,ZA","birds,passeriformes",AT0709
passermelanurus,Passer melanurus,"Cape sparrow, mossie",Passeridae,Sparrow,http://en.wikipedia.org/wiki/Passer_melanurus,1052114,"BW,ZA","birds,passeriformes",AT0709
passermotitensis,Passer motitensis,"Great sparrow, southern rufous sparrow, rufous sparrow",Passeridae,Sparrow,http://en.wikipedia.org/wiki/Passer_motitensis,1052116,"BW,ZA","birds,passeriformes",AT0709
pedetescapensis,Pedetes capensis,Springhare,Pedetidae,,http://en.wikipedia.org/wiki/Pedetes_capensis,289798,"BW,MZ,NA,ZA,ZW","mammals,rodentia",AT1309
peleacapreolus,Pelea capreolus,"Grey rhebok, grey rhebuck",Bovidae,Rhebok,http://en.wikipedia.org/wiki/Pelea_capreolus,331081,"BW,ZA","artiodactyla,mammals",AT0709
pellaeacalomelanos,Pellaea calomelanos,,Pteridaceae,,http://en.wikipedia.org/wiki/Pellaea_calomelanos,6120234,"BW,ZA","polypodiales,unspecifiedform",AT0709
pelomedusasubrufa,Pelomedusa subrufa,African Helmeted Turtle,Pelomedusidae,,http://en.wikipedia.org/wiki/Pelomedusa_subrufa,791177,"BW,ZA","reptiles,testudines",AT0709
peltophorumafricanum,Peltophorum africanum,"African wattle, weeping wattle",Fabaceae,Wattle,http://en.wikipedia.org/wiki/Peltophorum_africanum,638388,"BW,NA","fabales,trees",AT0709
pennisetumglaucum,Pennisetum glaucum,Pearl millet,Poaceae,Millet,http://en.wikipedia.org/wiki/Pennisetum_glaucum,1115854,"BW,NA","poales,unspecifiedform",AT0709
pentatomidaesp,Pentatomidae sp,"Stink bug, shield bug",Pentatomidae,Bug,http://en.wikipedia.org/wiki/Pentatomidae_sp,,"BW,NA,ZA","hemiptera,insects","AT0709,AT1309"
pentharrhinuminsipidum,Pentharrhinum insipidum,African heartvine,Apocynaceae,Heartvine,http://en.wikipedia.org/wiki/Pentharrhinum_insipidum,,"BW,ZA","creepersclimbers,gentianales",AT1309
pergulariadaemia,Pergularia daemia,Pergularia sp.,Asclepiadaceae (Milkweed family),,http://en.wikipedia.org/wiki/Pergularia_daemia,483866,"BW,NA,ZA","creepersclimbers,gentianales",AT1309
petroniasuperciliaris,Petronia superciliaris,Yellow-throated petronia,Passeridae,Petronia,http://en.wikipedia.org/wiki/Petronia_superciliaris,919088,"BW,ZA","birds,passeriformes",AT0709
phacochoerusaethiopicus,Phacochoerus aethiopicus,Warthog,Suidae,,http://en.wikipedia.org/wiki/Phacochoerus_aethiopicus,328331,"BW,MZ,NA,ZA,ZW","artiodactyla,mammals",AT1309
philetairussocius,Philetairus socius,Sociable weaver,Ploceidae,Weaver,http://en.wikipedia.org/wiki/Philetairus_socius,919094,"BW,NA,ZA","birds,passeriformes",AT1309
phoeniculuscyanomelas,Phoeniculus cyanomelas,"Scimitar-billed woodhoopoe, common scimitarbill",Phoeniculidae,Woodhoopoe,http://en.wikipedia.org/wiki/Phoeniculus_cyanomelas,1178474,"BW,MZ,NA,ZA,ZW","birds,coraciiformes",AT1309
phyllanthusmaderaspatensis,Phyllanthus maderaspatensis,Phyllanthus sp,Phyllanthaceae,,http://en.wikipedia.org/wiki/Phyllanthus_maderaspatensis,1152842,"BW,NA","malpighiales,unspecifiedform",AT0709
phymateusviridipes,Phymateus viridipes,Phymateus sp,Pyrgomorphoidea,,http://en.wikipedia.org/wiki/Phymateus_viridipes,868135,"BW,ZA","insects,orthoptera",AT0709
physalisangulata,Physalis angulata,Cape gooseberry,Solanaceae,,http://en.wikipedia.org/wiki/Physalis_angulata,581062,"BW,ZA","bulbsherbs,solanales",AT0709
plectropterusgambensis,Plectropterus gambensis,Spur-winged goose,Anatidae,Goose,http://en.wikipedia.org/wiki/Plectropterus_gambensis,1048538,"BW,ZA","anseriformes,birds",AT0709
plocepassermahali,Plocepasser mahali,White-browed sparrow-weaver,Passeridae,Sparrow-weaver,http://en.wikipedia.org/wiki/Plocepasser_mahali,919104,"BW,NA,ZA,ZW","birds,passeriformes",AT1309
ploceusvelatus,Ploceus velatus,"Masked weaver, African masked-weaver",Ploceidae,Weaver,http://en.wikipedia.org/wiki/Ploceus_velatus,919811,"BW,NA,ZA","birds,passeriformes","AT0709,AT1309"
poecilogalealbinucha,Poecilogale albinucha,African striped weasel,Mustelidae,Weasel,http://en.wikipedia.org/wiki/Poecilogale_albinucha,328042,"BW,ZA","carnivora,mammals",AT0709
pollichiacampestris,Pollichia campestris,Waxberry,"Caryophyllaceae (Pink family, carnation family)",,http://en.wikipedia.org/wiki/Pollichia_campestris,5361285,"BW,NA,ZA","bulbsherbs,caryophyllales",AT1309
pompilidaesp,Pompilidae sp,Spider wasp,Pompilidae,Wasp,http://en.wikipedia.org/wiki/Pompilidae_sp,,"BW,ZA","hymenoptera,insects",AT0709
potamonautessp,Potamonautes sp,Potamonautes sp,Potamonautidae,,http://en.wikipedia.org/wiki/Potamonautes_sp,,"BW,ZA","decapoda,otherinvertebrates",AT0709
pouzolziahypoleuca,Pouzolzia hypoleuca,"Snuggle-leaf, Soap nettle",Urticaceae,,http://en.wikipedia.org/wiki/Pouzolzia_hypoleuca,,"BW,NA,ZW","rosales,unspecifiedform",AT0709
priniaflavicans,Prinia flavicans,Black-chested prinia,Cisticolidae,Prinia,http://en.wikipedia.org/wiki/Prinia_flavicans,916214,"BW,NA","birds,passeriformes",AT0709
priniasubflava,Prinia subflava,Tawny-flanked prinia,Cisticolidae,Prinia,http://en.wikipedia.org/wiki/Prinia_subflava,916316,"BW,ZA","birds,passeriformes",AT0709
prionopsplumatus,Prionops plumatus,White helmet-shrike,Malaconotidae,Shirke,http://en.wikipedia.org/wiki/Prionops_plumatus,1050980,"BW,ZA","birds,passeriformes",AT0709
prodotiscusregulus,Prodotiscus regulus,"Brown-backed honeybird, Wahlberg's honeyguide, sharp-billed honeyguide",Indicatoridae,Honeybird,http://en.wikipedia.org/wiki/Prodotiscus_regulus,1177463,"BW,ZA","birds,piciformes",AT0709
pronolagusrandensis,Pronolagus randensis,"Red rockhare, Jameson's red rock hare",Leporidae,Hare,http://en.wikipedia.org/wiki/Pronolagus_randensis,311973,"BW,NA","lagomorpha,mammals",AT0709
protelescristatus,Proteles cristatus,Aardwolf,Hyaenidae,,http://en.wikipedia.org/wiki/Proteles_cristatus,925982,"BW,NA,ZA","carnivora,mammals","AT0709,AT1309"
psammobatesoculiferus,Psammobates oculiferus,"Kalahari tent tortoise, Serrated tortoise",Testudinidae,Tortoise,http://en.wikipedia.org/wiki/Psammobates_oculiferus,962445,"BW,NA,ZA","reptiles,testudines",AT1309
psammophylaxtritaeniatus,Psammophylax tritaeniatus,Striped skaapsteker,Colubridae,,http://en.wikipedia.org/wiki/Psammophylax_tritaeniatus,1055559,"BW,NA","reptiles,squamata",AT0709
pseudogaltoniaclavata,Pseudogaltonia clavata,Pseudogaltonia sp.,Hyacinthaceae (Hyacinth family),,http://en.wikipedia.org/wiki/Pseudogaltonia_clavata,1083750,"BW,NA,ZA","asparagales,bulbsherbs",AT1309
psittacidaesp,Psittacidae sp,True parrot,Psittacidae,Parrot,http://en.wikipedia.org/wiki/Psittacidae_sp,,"BW,ZA","birds,psittaciformes",AT0709
psophocichlalitsitsirupa,Psophocichla litsitsirupa,Groundscraper thrush,Turdidae,Thrush,http://en.wikipedia.org/wiki/Psophocichla_litsitsirupa,1052834,"BW,NA,ZA","birds,passeriformes",AT1309
psychidaesp,Psychidae sp,"Bagworm moth, bagworm, bagmoth",Psychidae,Moth,http://en.wikipedia.org/wiki/Psychidae_sp,,"BW,ZA","insects,lepidoptera",AT0709
ptenopusgarrulus,Ptenopus garrulus,Whistling gecko,Gekkonidae,Gecko,http://en.wikipedia.org/wiki/Ptenopus_garrulus,1055500,"BW,NA,ZA","reptiles,squamata",AT1309
pterococcusafricanus,Pterococcus africanus,Pterococcus sp.,Euphorbiaceae,,http://en.wikipedia.org/wiki/Pterococcus_africanus,1151867,"BW,NA,ZA","malpighiales,unspecifiedform",AT1309
pulexirritans,Pulex irritans,Human flea,Pulicoidea,Flea,http://en.wikipedia.org/wiki/Pulex_irritans,704391,,"insects,siphonaptera",
pupalialappacea,Pupalia lappacea,Sweethearts,"Amaranthaceae (Cockscomb family, Misbredie family)",,http://en.wikipedia.org/wiki/Pupalia_lappacea,2900468,"BW,NA,ZA","bulbsherbs,caryophyllales",AT1309
pycnonotusbarbatus,Pycnonotus barbatus,"Common bulbul, dark-capped bulbul, black-eyed bulbul",Pycnonotidae,Bulbul,http://en.wikipedia.org/wiki/Pycnonotus_barbatus,919943,"BW,ZA","birds,passeriformes",AT0709
pycnonotusbrunneus,Pycnonotus brunneus,Red-eyed bulbul,Pycnonotidae,Bulbul,http://en.wikipedia.org/wiki/Pycnonotus_brunneus,919949,"BW,NA,ZA","birds,passeriformes",AT1309
pythonsebae,Python sebae,"African rock python, rock python, african python",Boidae,Phyton,http://en.wikipedia.org/wiki/Python_sebae,1055462,"BW,ZA","reptiles,squamata",AT0709
pyxicephalusadspersus,Pyxicephalus adspersus,"African bullfrog, Giant bullfrog",Ranidae,,http://en.wikipedia.org/wiki/Pyxicephalus_adspersus,330829,"BW,NA,ZA","amphibians,anura",
queleaquelea,Quelea quelea,Red-billed quelea,Ploceidae,Quelea,http://en.wikipedia.org/wiki/Quelea_quelea,918147,"BW,ZA","birds,passeriformes",AT0709
raphiceruscampestris,Raphicerus campestris,"Steenbok, steenbuck",Bovidae,,http://en.wikipedia.org/wiki/Raphicerus_campestris,1038779,"BW,MZ,NA,ZA,ZW","artiodactyla,mammals",AT1309
raphionacmeburkei,Raphionacme burkei,Raphionacme sp.,Apocynaceae,,http://en.wikipedia.org/wiki/Raphionacme_burkei,5339728,"BW,NA,ZA","gentianales,succulents",AT1309
reduncaarundinum,Redunca arundinum,"Southern reedbuck, common reedbuck",Bovidae,Reedbuck,http://en.wikipedia.org/wiki/Redunca_arundinum,331082,"BW,ZA","artiodactyla,mammals",AT0709
reduviidaesp,Reduviidae sp,"Assassin bug, thread-legged bug",Reduviidae,Bug,http://en.wikipedia.org/wiki/Reduviidae_sp,,"BW,NA,ZA","hemiptera,insects",AT1309
rhabdomyspumilio,Rhabdomys pumilio,"Four-striped grass mouse, four-striped grass rat",Muridae,Mouse,http://en.wikipedia.org/wiki/Rhabdomys_pumilio,1179410,"BW,ZA","mammals,rodentia",AT0709
rhigozumtrichotomum,Rhigozum trichotomum,Three thorn,Bignoniaceae (Jacaranda family),,http://en.wikipedia.org/wiki/Rhigozum_trichotomum,5641339,NA,"lamiales,shrubs",AT1309
rhinoptiluschalcopterus,Rhinoptilus chalcopterus,Bronze-winged Courser,Glareolidae,,http://en.wikipedia.org/wiki/Rhinoptilus_chalcopterus,1049260,"BW,NA","birds,ciconiiformes",AT0709
rhoicissustridentata,Rhoicissus tridentata,Rhoicissus sp,Vitaceae,,http://en.wikipedia.org/wiki/Rhoicissus_tridentata,5539240,"BW,ZA","unspecifiedform,vitales",AT0709
rhuspyroides,Rhus pyroides,Common currant-rhus,Anacardiaceae,Rhus,http://en.wikipedia.org/wiki/Rhus_pyroides,5613772,"BW,NA,ZA","sapindales,trees",AT0709
rhustenuinervis,Rhus tenuinervis,Commiphora rhus,Anacardiaceae,Rhus,http://en.wikipedia.org/wiki/Rhus_tenuinervis,23333992,"BW,NA,ZA","sapindales,trees",AT1309
ricinuscommunis,Ricinus communis,Castor oil plant,Euphorbiaceae,,http://en.wikipedia.org/wiki/Ricinus_communis,1151096,"BW,ZA","malpighiales,unspecifiedform",AT0709
sagittariusserpentarius,Sagittarius serpentarius,Secretary bird,Sagittariidae,,http://en.wikipedia.org/wiki/Sagittarius_serpentarius,1049539,"BW,NA,ZA","accipitriformes,birds",AT1309
salviaruncinata,Salvia runcinata,Salvia sp,Lamiaceae,,http://en.wikipedia.org/wiki/Salvia_runcinata,6343066,"BW,NA","lamiales,unspecifiedform",AT0709
sansevieriaaethiopica,Sansevieria aethiopica,Bowstring hemp,Asparagaceae,Hemp,http://en.wikipedia.org/wiki/Sansevieria_aethiopica,,"BW,NA,ZA","asparagales,bulbsherbs",AT1309
sarcostemmaviminale,Sarcostemma viminale,Rapunzel plant,Asclepiadaceae,,http://en.wikipedia.org/wiki/Sarcostemma_viminale,5330612,"BW,ZA","gentianales,unspecifiedform",AT0709
scadoxuspuniceus,Scadoxus puniceus,"Paintbrush lily, snake lily",Alliaceae,Lily,http://en.wikipedia.org/wiki/Scadoxus_puniceus,1082230,"BW,ZA","asparagales,bulbsherbs",AT0709
scarabaeidaesp,Scarabaeidae sp.,"Scarab beetles, Dung beetles",Scarabaeidae,,http://en.wikipedia.org/wiki/Scarabaeidae_sp.,,"BW,NA,ZA","coleoptera,insects",AT1309
schmidtiakalihariensis,Schmidtia kalihariensis,"Kalahari sour grass, Bushmann grass",Poaceae (Grass family),,http://en.wikipedia.org/wiki/Schmidtia_kalihariensis,5123888,"BW,NA,ZA","grassessedges,poales",AT1309
schmidtiapappophoroides,Schmidtia pappophoroides,Sand quick grass,Poaceae,Grass,http://en.wikipedia.org/wiki/Schmidtia_pappophoroides,5123889,"BW,NA,ZA,ZW","grassessedges,poales",AT1309
schoenoplectusmuricinux,Schoenoplectus muricinux,Schoenoplectus sp,Cyperaceae,,http://en.wikipedia.org/wiki/Schoenoplectus_muricinux,,"BW,NA","poales,unspecifiedform",AT0709
scillanervosa,Scilla nervosa,"Sand lily, wild squill",Asparagaceae,Lily,http://en.wikipedia.org/wiki/Scilla_nervosa,1082140,"BW,NA,ZW","asparagales,unspecifiedform",AT0709
scopusumbretta,Scopus umbretta,"Hamerkop, hammerhead, hammerhead stork, umber bird",Scopidae,,http://en.wikipedia.org/wiki/Scopus_umbretta,1049601,"BW,ZA","birds,pelecaniformes",AT0709
scorpionessp,Scorpiones sp.,Scorpion,Scorpiones (Order),,http://en.wikipedia.org/wiki/Scorpiones_sp.,,NA,"scorpiones,spidersotherarachnids",AT1309
searsialancea,Searsia lancea,"Searsia sp, rhus sp, karee",Anacardiaceae,,http://en.wikipedia.org/wiki/Searsia_lancea,582276,"BW,ZA","sapindales,trees",AT0709
searsialeptodictya,Searsia leptodictya,"Mountain karree, rock karree",Anacardiaceae,Karee,http://en.wikipedia.org/wiki/Searsia_leptodictya,5613766,"BW,NA","sapindales,trees",AT0709
securidacalongipedunculata,Securidaca longipedunculata,Violet tree,Polygalaceae,,http://en.wikipedia.org/wiki/Securidaca_longipedunculata,5496033,"BW,NA,ZA","fabales,trees",AT1309
securinegavirosa,Securinega virosa,Securinega sp,Phyllanthaceae,,http://en.wikipedia.org/wiki/Securinega_virosa,1143516,"BW,NA","malpighiales,unspecifiedform",AT0709
seneciolongiflorus,Senecio longiflorus,Senecio sp,Asteraceae,,http://en.wikipedia.org/wiki/Senecio_longiflorus,6190106,"BW,NA","asterales,unspecifiedform",AT0709
sennaitalica,Senna italica,"Wild senna, eland's pea, black storm","Fabaceae (Pod-bearing family, Pea family)",Senna,http://en.wikipedia.org/wiki/Senna_italica,704197,"BW,NA,ZA","creepersclimbers,fabales",AT1309
serinusalario,Serinus alario,Black-headed canary,Fringillidae,Canary,http://en.wikipedia.org/wiki/Serinus_alario,1050662,"BW,NA,ZA","birds,passeriformes","AT0709,AT1309"
sesamumtriphyllum,Sesamum triphyllum,"Wild sesame, Thunderbolt flower",Pedaliacae (Sesame family),,http://en.wikipedia.org/wiki/Sesamum_triphyllum,5658233,NA,"bulbsherbs,lamiales",AT1309
sidachysantha,Sida chysantha,Sida sp.,Malvaceae,,http://en.wikipedia.org/wiki/Sida_chysantha,,"BW,NA,ZA","malvales,unspecifiedform",AT1309
sitophilusgranarius,Sitophilus granarius,"Wheat weevil, grain weevil, granary weevil",Curculionoidea,Weevil,http://en.wikipedia.org/wiki/Sitophilus_granarius,602722,"BW,ZA","coleoptera,insects",AT0709
sitophilussp,Sitophilus sp,Granary weevil,Curculionoidea,Weevil,http://en.wikipedia.org/wiki/Sitophilus_sp,,"BW,ZA","coleoptera,insects",AT0709
solanumcoccineum,Solanum coccineum,Solanum sp.,Solanaceae,,http://en.wikipedia.org/wiki/Solanum_coccineum,5695897,"BW,NA,ZA","solanales,unspecifiedform",AT1309
solanumsupinum,Solanum supinum,Poison apple,"Solanaceae (Potato family, Tomato family)",,http://en.wikipedia.org/wiki/Solanum_supinum,5697060,"BW,NA,ZA","dwarfshrubs,solanales",AT1309
solifugaesp,Solifugae sp,"Camel spider, sun spiders, wind scorpions",Solifugae sp,Spider,http://en.wikipedia.org/wiki/Solifugae_sp,,"BW,ZA","solifugae,spidersotherarachnids",AT0709
solpugidaesp,Solpugidae sp,"Camel spider, sun spiders, wind scorpions",Solpugidae,Spider,http://en.wikipedia.org/wiki/Solpugidae_sp,,"BW,NA,ZA","solifugae,spidersotherarachnids",AT1309
spirostachysafricana,Spirostachys africana,"Tamboti, tambotie, tambootie, tambuti",Euphorbiaceae,,http://en.wikipedia.org/wiki/Spirostachys_africana,1150097,"BW,ZA","malpighiales,trees",AT0709
sporopipessquamifrons,Sporopipes squamifrons,Scaly Weaver,Ploceidae,,http://en.wikipedia.org/wiki/Sporopipes_squamifrons,919608,"BW,NA","birds,passeriformes",AT0709
stenopelmatidaesp,Stenopelmatidae sp.,"Jerusalem crickets, Sand crickets",Stenopelmatidae,,http://en.wikipedia.org/wiki/Stenopelmatidae_sp.,,"BW,NA,ZA","insects,orthoptera",AT1309
sternocera,Sternocera,Jewel beetle,Buprestoidea,Beetle,http://en.wikipedia.org/wiki/Sternocera,2866209,"BW,NA,ZA","coleoptera,insects",AT1309
sternoceraorissa,Sternocera orissa,Jewel beetle,Buprestidae,,http://en.wikipedia.org/wiki/Sternocera_orissa,3222620,"BW,NA,ZA","buprestidae,insects",AT0709
streptopeliacapicola,Streptopelia capicola,Cape turtle dove,Columbidae,Dove,http://en.wikipedia.org/wiki/Streptopelia_capicola,1049719,NA,"birds,columbiformes",AT1309
streptopeliasenegalensis,Streptopelia senegalensis,"Laughing dove, Palm dove",Columbidae,Dove,http://en.wikipedia.org/wiki/Streptopelia_senegalensis,1049725,"BW,NA,ZA,ZW","birds,columbiformes",AT1309
struthiocamelus,Struthio camelus,Ostrich,Struthionidae,,http://en.wikipedia.org/wiki/Struthio_camelus,1178371,NA,"birds,struthioniformes",AT1309
strychnosmadagascariensis,Strychnos madagascariensis,black monkey orange,Loganiaceae,Orange,http://en.wikipedia.org/wiki/Strychnos_madagascariensis,5344982,"BW,NA","gentianales,trees",AT0709
strychnospungens,Strychnos pungens,Strychnos pungens,Loganiaceae,,http://en.wikipedia.org/wiki/Strychnos_pungens,33553500,"BW,ZA","gentianales,trees",AT0709
suricatasuricata,Suricata suricata,"Suricate, Meerkat",Herpestidae,,http://en.wikipedia.org/wiki/Suricata_suricata,29376144,"BW,NA,ZA","carnivora,mammals",AT1309
sylvicapragrimmia,Sylvicapra grimmia,"Common duiker, gray duiker, bush duiker",Bovidae,Duiker,http://en.wikipedia.org/wiki/Sylvicapra_grimmia,328711,"BW,ZA","artiodactyla,mammals",AT0709
synceruscaffer,Syncerus caffer,"African buffalo, Cape buffalo",Bovidae,Buffalo,http://en.wikipedia.org/wiki/Syncerus_caffer,328707,"BW,NA,ZA","artiodactyla,mammals","AT0709,AT1309"
tabanidaesp,Tabanidae sp,"Horse fly, forest fly, deer fly",Tabanidae,Fly,http://en.wikipedia.org/wiki/Tabanidae_sp,,"BW,ZA","diptera,insects",AT0709
taeniasolium,Taenia solium,Pork tapeworm,Scarabaeoidea,Worm,http://en.wikipedia.org/wiki/Taenia_solium,3247842,"BW,ZA","coleoptera,insects",AT0709
tagetesminuta,Tagetes minuta,"Mexican marigold, mint marigold, wild marigold",Asteraceae,Marigold,http://en.wikipedia.org/wiki/Tagetes_minuta,503290,"BW,NA","asterales,unspecifiedform",AT0709
talinumarnotii,Talinum arnotii,Kalahari butterweed,Portulacaceae,,http://en.wikipedia.org/wiki/Talinum_arnotii,13365222,"BW,NA,ZA,ZW","bulbsherbs,caryophyllales",AT1309
talinumcrispatulum,Talinum crispatulum,Talinum sp.,Portulacaceae (Purslane family),,http://en.wikipedia.org/wiki/Talinum_crispatulum,,NA,"caryophyllales,creepersclimbers",AT1309
tapinanthsnatalitius,Tapinanths natalitius,Bird-lime,Loranthaceae,,http://en.wikipedia.org/wiki/Tapinanths_natalitius,,"BW,NA","santalales,unspecifiedform",AT0709
tarchonanthuscamphoratus,Tarchonanthus camphoratus,Camphor bush,Asteraceae,Bush,http://en.wikipedia.org/wiki/Tarchonanthus_camphoratus,5126015,"BW,NA","asterales,unspecifiedform",AT0709
taurotragusoryx,Taurotragus oryx,"Common eland, Southern eland",Bovidae,Eland,http://en.wikipedia.org/wiki/Taurotragus_oryx,1038784,"BW,MZ,NA,ZA,ZW","artiodactyla,mammals",AT1309
tenarischlorantha,Tenaris chlorantha,Tenaris sp.,Apocynaceae,,http://en.wikipedia.org/wiki/Tenaris_chlorantha,,"BW,NA,ZA","gentianales,unspecifiedform",AT1309
tenebrionidaesp,Tenebrionidae sp.,"Darkling beetles, Darkening beetles",Tenebrionidae,,http://en.wikipedia.org/wiki/Tenebrionidae_sp.,,"BW,NA,ZA","coleoptera,insects",AT1309
terathopiusecaudatus,Terathopius ecaudatus,Bateleur eagle,Accipitridae,Eagle,http://en.wikipedia.org/wiki/Terathopius_ecaudatus,1047573,"BW,NA,ZA","birds,falconiformesoraccipitriformes",AT1309
terminaliasericea,Terminalia sericea,Silver cluster-leaf,Combretaceae (Combretum family),,http://en.wikipedia.org/wiki/Terminalia_sericea,5426112,"BW,NA","myrtales,trees",AT1309
tetradeniariparia,Tetradenia riparia,"Misty plume bush, ginger bush",Lamiaceae,Bush,http://en.wikipedia.org/wiki/Tetradenia_riparia,5380777,"BW,ZA","lamiales,shrubs",AT0709
tettigoniidaesp,Tettigoniidae sp.,"Katydids, Bush crickets, Long-horned grasshoppers",Tettigoniidae,,http://en.wikipedia.org/wiki/Tettigoniidae_sp.,,"BW,NA,ZA","insects,orthoptera",AT1309
thallomyspaedulcus,Thallomys paedulcus,"Tree mouse, Acacia rat, Acacia thallomys",Muridae,Mouse,http://en.wikipedia.org/wiki/Thallomys_paedulcus,1179443,"BW,MZ,NA,ZA,ZW","mammals,rodentia",AT1309
themedatriandra,Themeda triandra,"Kangaroo grass, red oat grass, red grass",Poaceae,Grass,http://en.wikipedia.org/wiki/Themeda_triandra,1115209,"BW,ZA","grassessedges,poales",AT0709
thryonomysswinderianus,Thryonomys swinderianus,Greater cane rat,Thryonomyidae,Rat,http://en.wikipedia.org/wiki/Thryonomys_swinderianus,326380,"BW,NA","mammals,rodentia",AT0709
tockuserythrorhynchus,Tockus erythrorhynchus,Red-billed hornbill,Bucerotidae,Hornbill,http://en.wikipedia.org/wiki/Tockus_erythrorhynchus,914498,"BW,ZA","birds,bucerotiformes",AT0709
tockusflavirostris,Tockus flavirostris,Eastern yellow-billed hornbill,Bucerotidae,Hornbill,http://en.wikipedia.org/wiki/Tockus_flavirostris,914499,"BW,ZA","birds,bucerotiformes",AT0709
tockusleucomelas,Tockus leucomelas,Southern yellow-billed hornbill,Bucerotidae,Hornbill,http://en.wikipedia.org/wiki/Tockus_leucomelas,914500,"BW,NA,ZA,ZW","birds,coraciiformes",AT1309
tockusnasutus,Tockus nasutus,African grey hornbill,Bucerotidae,Hornbill,http://en.wikipedia.org/wiki/Tockus_nasutus,1048404,"BW,NA,ZA","birds,coraciiformes",AT1309
trachylepiscapensis,Trachylepis capensis,"Cape skink, cape three-lined skink",Scincidae,Skink,http://en.wikipedia.org/wiki/Trachylepis_capensis,962983,"BW,ZA","reptiles,squamata",AT0709
trachylepisspilogaster,Trachylepis spilogaster,Kalahari tree skink,Scincidae,,http://en.wikipedia.org/wiki/Trachylepis_spilogaster,791532,"BW,NA,ZA","reptiles,squamata",AT1309
trachylepisstriata,Trachylepis striata,African striped skink,Scincidae,Skink,http://en.wikipedia.org/wiki/Trachylepis_striata,791525,"BW,ZA","reptiles,squamata",AT0709
trachyphonusvaillantii,Trachyphonus vaillantii,Crested barbet,Lybiidae,Barbet,http://en.wikipedia.org/wiki/Trachyphonus_vaillantii,1177734,"BW,ZA","birds,coraciiformes",AT0709
tragelaphusangasii,Tragelaphus angasii,Nyala,Bovidae,,http://en.wikipedia.org/wiki/Tragelaphus_angasii,1038786,"MZ,ZA,ZW","artiodactyla,mammals",AT0725
tragelaphusscriptus,Tragelaphus scriptus,Bushbuck,Bovidae,,http://en.wikipedia.org/wiki/Tragelaphus_scriptus,1038790,"BW,ZA","artiodactyla,mammals",AT0709
tragelaphusstrepsiceros,Tragelaphus strepsiceros,Greater kudu,Bovidae,Kudu,http://en.wikipedia.org/wiki/Tragelaphus_strepsiceros,1038792,"BW,MZ,NA,ZA,ZW","artiodactyla,mammals",AT1309
tragiarupestris,Tragia rupestris,Tragia sp,Euphorbiaceae,,http://en.wikipedia.org/wiki/Tragia_rupestris,1149703,"BW,NA","malpighiales,unspecifiedform",AT0709
tribulusterrestris,Tribulus terrestris,"Devil's thorn, devil's eyelashes, calthrop, yellow vine",Zygophyllaceae,Thorn,http://en.wikipedia.org/wiki/Tribulus_terrestris,581147,"BW,NA,ZA","bulbsherbs,sapindales",AT1309
tribuluszeyheri,Tribulus zeyheri,Devil thorn weed,Zygophyllaceae (Creosote bush family),,http://en.wikipedia.org/wiki/Tribulus_zeyheri,5633341,NA,"creepersclimbers,zygophyllales",AT1309
trichophytonschoenleinii,Trichophyton schoenleinii,Trichophyton sp,Arthrodermataceae,,http://en.wikipedia.org/wiki/Trichophyton_schoenleinii,189298,"BW,NA","fungi,onygenales",AT1309
triumfettarhomboidea,Triumfetta rhomboidea,Diamond burrbark,Tiliaceae,Burrbark,http://en.wikipedia.org/wiki/Triumfetta_rhomboidea,584830,"BW,ZA","malvales,unspecifiedform",AT0709
tulostomalacticeps,Tulostoma lacticeps,Puff Ball,Tulostomataceae,,http://en.wikipedia.org/wiki/Tulostoma_lacticeps,,"BW,NA,ZA","fungi,tulostomatales",AT1309
turbinaoblongata,Turbina oblongata,Turbina sp,Convolvulaceae,,http://en.wikipedia.org/wiki/Turbina_oblongata,5685829,"BW,ZA","solanales,unspecifiedform",AT0709
turdoidesbicolor,Turdoides bicolor,"Pied babbler, Southern pied babbler",Timaliidae,Babbler,http://en.wikipedia.org/wiki/Turdoides_bicolor,1052411,"BW,NA,ZA,ZW","birds,passeriformes",AT1309
turdoidesjardineii,Turdoides jardineii,Arrow-marked babbler,Sylviidae,Babbler,http://en.wikipedia.org/wiki/Turdoides_jardineii,1052420,"BW,ZA","birds,passeriformes",AT0709
turduslitsipsirupa,Turdus litsipsirupa,Groundscraper thrush,Turdidae,Thrush,http://en.wikipedia.org/wiki/Turdus_litsipsirupa,1052834,"BW,NA","birds,passeriformes",AT0709
turnixsylvatica,Turnix sylvatica,"Kurrichane buttonquail, small buttonquail, andalusian hemipode",Turnicidae,Buttonquail,http://en.wikipedia.org/wiki/Turnix_sylvatica,900373,"BW,ZA","birds,turniciformes",AT0709
tylosemaesculentum,Tylosema esculentum,"Marama bean, Gemsbok bean, Gemsbuck bean, Tamani berry","Fabaceae (Pod-bearing family, Pea family)",Bean,http://en.wikipedia.org/wiki/Tylosema_esculentum,638925,"BW,NA,ZA","creepersclimbers,fabales",AT1309
typhacapensis,Typha capensis,"Bulrush, bullrush, reedmace",Typhaceae,,http://en.wikipedia.org/wiki/Typha_capensis,526499,"BW,ZA","poales,unspecifiedform",AT0709
tytoalba,Tyto alba,Barn owl,Tytonidae,Owl,http://en.wikipedia.org/wiki/Tyto_alba,914939,"BW,NA,ZA","birds,strigiformes",AT1309
tytocapensis,Tyto capensis,Grass owl,Tytonidae,Owl,http://en.wikipedia.org/wiki/Tyto_capensis,1178360,"BW,ZA","birds,strigiformes",AT0709
upupaepops,Upupa epops,Hoopoe,Upupidae,,http://en.wikipedia.org/wiki/Upupa_epops,917145,"BW,NA,ZA","birds,coraciiformes",AT1309
uraeginthusgranatinus,Uraeginthus granatinus,"Violet-eared waxbill, common grenadier",Estrildidae,Waxbill,http://en.wikipedia.org/wiki/Uraeginthus_granatinus,1050433,"BW,NA,ZA","birds,passeriformes",AT1309
vanelluscoronatus,Vanellus coronatus,"Crowned lapwing, crowned plover",Charadriidae,Lapwing,http://en.wikipedia.org/wiki/Vanellus_coronatus,1049064,"BW,NA,ZA","birds,charadriiformes",AT1309
vangueiriainfausta,Vangueiria infausta,African medlar,Rubiaceae,Medlar,http://en.wikipedia.org/wiki/Vangueiria_infausta,,"BW,ZA","rubiales,unspecifiedform",AT0709
vangueriainfausta,Vangueria infausta,African medlar,Rubiaceae,Medlar,http://en.wikipedia.org/wiki/Vangueria_infausta,1097014,"BW,ZA","rubiales,unspecifiedform",AT0709
varanusalbigularis,Varanus albigularis,Rock monitor,Varanidae,,http://en.wikipedia.org/wiki/Varanus_albigularis,1055080,NA,"reptiles,squamata",AT1309
varanusexanthematicus,Varanus exanthematicus,Savanna monitor,Varanidae,Monitor,http://en.wikipedia.org/wiki/Varanus_exanthematicus,790191,"BW,ZA","reptiles,squamata",AT0709
varanusniloticus,Varanus niloticus,"Nile monitor, Water monitor",Varanidae,,http://en.wikipedia.org/wiki/Varanus_niloticus,790177,"BW,MZ,NA,ZA,ZW","reptiles,squamata","AT0709,AT1309"
vespidaesp,Vespidae sp.,Paper wasps,Vespidae,,http://en.wikipedia.org/wiki/Vespidae_sp.,,"BW,NA,ZA","hymenoptera,insects","AT0709,AT1309"
viduamacroura,Vidua macroura,Pin-tailed whydah,Viduidae,Whydah,http://en.wikipedia.org/wiki/Vidua_macroura,922074,"BW,NA,ZA","birds,passeriformes",AT1309
viduaparadisaea,Vidua paradisaea,"Long-tailed paradise whydah, eastern paradise whydah",Viduidae,Whydah,http://en.wikipedia.org/wiki/Vidua_paradisaea,922203,"BW,ZA","birds,passeriformes",AT0709
viduaregia,Vidua regia,"Shaft-tailed whydah, Queen whydah",Viduidae,Whydah,http://en.wikipedia.org/wiki/Vidua_regia,922220,"BW,NA,ZA,ZW","birds,passeriformes",AT1309
vignatriloba,Vigna triloba,Vigna sp.,Fabaceae,,http://en.wikipedia.org/wiki/Vigna_triloba,,"BW,NA,ZA,ZW","fabales,unspecifiedform",AT1309
vitexzeyheri,Vitex zeyheri,Vitex sp,Verbenaceae,,http://en.wikipedia.org/wiki/Vitex_zeyheri,5388619,"BW,NA,ZA","lamiales,unspecifiedform",AT0709
vulpeschama,Vulpes chama,"Cape fox, cama fox, silver-backed fox",Canidae,Fox,http://en.wikipedia.org/wiki/Vulpes_chama,327996,"BW,NA,ZA","carnivora,mammals","AT0709,AT1309"
wallerianutans,Walleria nutans,Walleria sp.,Tecophilaeaceae,,http://en.wikipedia.org/wiki/Walleria_nutans,1083489,"BW,NA,ZA","asparagales,bulbsherbs",AT1309
xanthiumspinosum,Xanthium spinosum,Xanthium sp.,Asteraceae,,http://en.wikipedia.org/wiki/Xanthium_spinosum,483030,"BW,ZA","asterales,unspecifiedform",AT0709
xerusinauris,Xerus inauris,"Ground squirrel, Cape ground squirrel, Southern African ground squirrel",Sciuridae,Squirrel,http://en.wikipedia.org/wiki/Xerus_inauris,1178595,"BW,NA,ZA","mammals,rodentia",AT1309
ximeniaamericana,Ximenia americana,"Yellow plum, sea lemon",Olacaceae,Plum,http://en.wikipedia.org/wiki/Ximenia_americana,582703,"BW,ZA","santalales,unspecifiedform",AT0709
ximeniacaffra,Ximenia caffra,large sourplum,Olacaceae,Plum,http://en.wikipedia.org/wiki/Ximenia_caffra,5608619,"BW,NA,ZA","santalales,unspecifiedform",AT0709
xylocopidaesp,Xylocopidae sp,Carpenter bee,Xylocopidae,Bee,http://en.wikipedia.org/wiki/Xylocopidae_sp,,"BW,ZA","hymenoptera,insects",AT0709
ziziphusmucronata,Ziziphus mucronata,Buffalo-thorn,"Rhamnaceae (Buffalo-thorn family, Buckthorn family)",Thorn,http://en.wikipedia.org/wiki/Ziziphus_mucronata,5535523,"BW,NA,ZA","rosales,trees",AT1309
ziziphuszeyherana,Ziziphus zeyherana,Ziziphus sp,Rhamnaceae,,http://en.wikipedia.org/wiki/Ziziphus_zeyherana,,"BW,NA,ZA","rosales,unspecifiedform",AT0709
