id,name,description,order,family,genus,characteristics,notes,wikipedia_url,eol_id,refs__ids,countries__ids,ecoregions__ids
acaciaataxacantha,Acacia ataxacantha,Flamethorn,Fabales,Fabaceae,Acacia,,,http://en.wikipedia.org/wiki/Acacia_ataxacantha,648867,,"BW,ZA",AT1309
acaciacaffra,Acacia caffra,Cat-thorn,Fabales,Fabaceae,Acacia,,,http://en.wikipedia.org/wiki/Acacia_caffra,660853,,"BW,NA,ZA",AT0709
acaciaerioloba,Acacia erioloba,Camel thorn,Fabales,Fabaceae,Acacia,"4 - 12 m tall, yellow flowers, woody pods 130 mm long, grey-green leaves 100 mm, leaflets 13 mm, straight thorns 60 mm, rough fissured bark",,http://en.wikipedia.org/wiki/Acacia_erioloba,678840,carruthers2000[250];vanrooyen2001[26],"BW,NA,ZA",AT1309
acaciafleckiischinz,Acacia fleckii Schinz,Blade thorn,Fabales,Fabaceae,Acacia,,,http://en.wikipedia.org/wiki/Acacia_Fleckii_Schinz,682694,,"BW,ZA",AT1309
acaciahebecladahebeclada,Acacia hebeclada hebeclada,Candle thorn,Fabales,Fabaceae,Acacia,,,http://en.wikipedia.org/wiki/Acacia_hebeclada_hebeclada,1230788,,"BW,NA,ZA",AT1309
acaciahereroensis,Acacia hereroensis,Mountain thorn,Fabales,Fabaceae,Acacia,,,http://en.wikipedia.org/wiki/Acacia_hereroensis,685442,,"BW,NA,ZA",AT0709
acaciakarroo,Acacia karroo,Sweet thorn,Fabales,Fabaceae,Acacia,"3 - 6 m tall, yellow flowers",,http://en.wikipedia.org/wiki/Acacia_karroo,685899,carruthers2000[250];vanrooyen2001[30],"BW,ZA",AT0709
acacialuederitzii,Acacia luederitzii,Kalahari-sand acacia,Fabales,Fabaceae,Acacia,,,http://en.wikipedia.org/wiki/Acacia_luederitzii,686460,,"BW,NA,ZA",AT1309
acaciamellifera,Acacia mellifera,Black thorn,Fabales,Fabaceae,Acacia,,,http://en.wikipedia.org/wiki/Acacia_mellifera,686993,,"BW,NA,ZA",AT1309
acacianebrownii,Acacia nebrownii,Water thorn,Fabales,Fabaceae,Acacia,,,http://en.wikipedia.org/wiki/Acacia_nebrownii,687184,,"BW,NA,ZA",AT1309
acacianigrescens,Acacia nigrescens,Knob thorn,Fabales,Fabaceae,Acacia,,,http://en.wikipedia.org/wiki/Acacia_nigrescens,687250,,"BW,ZA",AT0709
acacianiloticasubspkraussiana,Acacia nilotica subsp. kraussiana,"Scented thorn, Scented-pod acacia",Fabales,Fabaceae,Acacia,,,http://en.wikipedia.org/wiki/Acacia_nilotica_subsp._kraussiana,1230733,,"BW,NA,ZA",AT0709
acaciarobusta,Acacia robusta,Splendid thorn,Fabales,Fabaceae,Acacia,,,http://en.wikipedia.org/wiki/Acacia_robusta,689994,,"BW,NA,ZA",AT0709
acaciatortilissubspheteracantha,Acacia tortilis subsp. heteracantha,Umbrella thorn,Fabales,Fabaceae,Acacia,,,http://en.wikipedia.org/wiki/Acacia_tortilis_subsp_heteracantha,1230610,,"BW,NA,ZA",AT0709
acanthosicyosnaudinianus,Acanthosicyos naudinianus,Gemsbok cucumber,Cucurbitales,Cucurbitaceae,Acanthosicyos,,,http://en.wikipedia.org/wiki/Acanthosicyos_naudinianus,5734641,,"BW,NA,ZA",AT1309
accipiterbadius,Accipiter badius,Shikra,Accipitriformes,Accipitridae,Accipiter,,,http://en.wikipedia.org/wiki/Accipiter_badius,914073,,"BW,NA,ZA",AT1309
achyranthesaspera,Achyranthes aspera,Devil's horsewhip,Caryophyllales,Amaranthaceae,Achyranthes,,,http://en.wikipedia.org/wiki/Achyranthes_aspera,585501,,"BW,ZA",AT0709
acinonyxjubatus,Acinonyx jubatus,Cheetah,Carnivora,Felidae,Acinonyx,,,http://en.wikipedia.org/wiki/Acinonyx_jubatus,328680,,"BW,NA,ZA",AT1309
acrididae,Acrididae,Grasshopper,Orthoptera,Acrididae,,,,http://en.wikipedia.org/wiki/Acrididae_sp.,6580,,"BW,NA,ZA",AT1309
adansoniadigitata,Adansonia digitata,Baobab,Malvales,Malvaceae,Adansonia,,,http://en.wikipedia.org/wiki/Adansonia_digitata,584789,,"AO,NA,ZA",AT0709
aegypiinae,Aegypiinae,Old world vulture,Accipitriformes,Accipitridae,,,,http://en.wikipedia.org/wiki/Aegypiinae,4434126,,"BW,NA,ZA",AT0709
aepycerosmelampus,Aepyceros melampus,Impala,Artiodactyla,Bovidae,Aepyceros,,,http://en.wikipedia.org/wiki/Aepyceros_melampus,308540,,"BW,ZA",AT0709
aervaleucura,Aerva leucura,Aerva sp.,Caryophyllales,Amaranthaceae,Aerva,,,http://en.wikipedia.org/wiki/Aerva_leucura,5173062,,"BW,NA,ZA",AT0709
agamaaculeata,Agama aculeata,Dwarf rockhead agama,Squamata,Agamidae,Agama,,,http://en.wikipedia.org/wiki/Agama_aculeata,815934,,NA,AT1309
agamaagama,Agama agama,Common agama,Squamata,Agamidae,Agama,,,http://en.wikipedia.org/wiki/Agama_agama,815935,,,
albucaamboensis,Albuca amboensis,Slime lily,Asparagales,Asparagaceae,Albuca,,,http://en.wikipedia.org/wiki/Albuca,1084063,,"BW,NA,ZA",AT1309
alcelaphusbuselaphus,Alcelaphus buselaphus,Hartebeest,Artiodactyla,Bovidae,Alcelaphus,,,http://en.wikipedia.org/wiki/Alcelaphus_buselaphus,308529,,"BW,NA,ZA","AT0709,AT1309"
alectraorobanchoides,Alectra orobanchoides,Kirk's tobacco witchweed,Lamiales,Orobanchaceae,Alectra,,,http://en.wikipedia.org/wiki/Alectra_orobanchoides,5664171,,"BW,ZA",AT1309
aloecryptopoda,Aloe cryptopoda,Dr Kirk's aloe,Asparagales,Xanthorrhoeaceae,Aloe,,,http://en.wikipedia.org/wiki/Aloe_cryptopoda,1085252,,"BW,ZA",AT0709
aloezebrina,Aloe zebrina,Zebra leaf aloe,Asparagales,Xanthorrhoeaceae,Aloe,,,http://en.wikipedia.org/wiki/Aloe_zebrina,1085618,,"BW,NA",AT1309
amadinaerythrocephala,Amadina erythrocephala,Red-headed finch,Passeriformes,Estrildidae,Amadina,,,http://en.wikipedia.org/wiki/Amadina_erythrocephala,1050435,,"BW,NA,ZA",AT1309
amietiaangolensis,Amietia angolensis,Angola river frog,Anura,Pyxicephalidae,Amietia,,,http://en.wikipedia.org/wiki/Amietia_angolensis,1048304,,"BW,NA,ZA",AT0709
amitermes,Amitermes,Amitermes sp.,Isoptera,Termitidae,,,,http://en.wikipedia.org/wiki/Amitermes,50760,,"BW,NA,ZA",AT1309
anatidae,Anatidae,Anatidae sp.,Anseriformes,Anatidae,,,,http://en.wikipedia.org/wiki/Anatidae_sp,8027,,"BW,ZA",AT0709
anobiidae,Anobiidae,Death watch beetle,Coleoptera,Anobiidae,,,,http://en.wikipedia.org/wiki/Anobiidae_sp,7483,,"BW,ZA",AT0709
anthephorapubescens,Anthephora pubescens,Wool grass,Poales,Poaceae,Anthephora,,,http://en.wikipedia.org/wiki/Anthephora_pubescens,5829935,,"BW,NA,ZA",AT1309
antidorcasmarsupialis,Antidorcas marsupialis,Springbok,Artiodactyla,Bovidae,Antidorcas,,,http://en.wikipedia.org/wiki/Antidorcas_marsupialis,308537,,"BW,NA,ZA","AT0709,AT1309,AT1316"
antizomaangustifolia,Antizoma angustifolia,Antizoma sp.,Ranunculales,Menispermaceae,Antizoma,,,http://en.wikipedia.org/wiki/Antizoma_angustifolia,5517200,,"BW,ZA",AT1309
aonyxcapensis,Aonyx capensis,Groot otter,Carnivora,Mustelidae,Aonyx,,,http://en.wikipedia.org/wiki/Aonyx_capensis,328023,,"BW,ZA",AT0709
aptosimumalbomarginatum,Aptosimum albomarginatum,Aptosimum sp.,Lamiales,Scrophulariaceae,Aptosimum,,,http://en.wikipedia.org/wiki/Aptosimum_albomarginatum,5675661,,NA,AT1309
aptosimumlineare,Aptosimum lineare,Veld violet,Lamiales,Scrophulariaceae,Aptosimum,,,http://en.wikipedia.org/wiki/Aptosimum_lineare,5675676,,ZA,AT1309
aquilarapax,Aquila rapax,African tawny-eagle,Accipitriformes,Accipitridae,Aquila,,,http://en.wikipedia.org/wiki/Aquila_rapax,914149,,"BW,MZ,NA,ZA,ZW",AT1309
ardeotiskori,Ardeotis kori,Kori bustard,Gruiformes,Otididae,Ardeotis,,,http://en.wikipedia.org/wiki/Ardeotis_kori,915382,,"BW,NA,ZA","AT0709,AT1309"
argiope,Argiope,Garden orbweaver,Araneae,Araneidae,Argiope,,,http://en.wikipedia.org/wiki/Argiope_sp,23797561,,"BW,NA,ZA",AT1309
aristidacongesta,Aristida congesta,Stickgrass,Poales,Poaceae,Aristida,,,http://en.wikipedia.org/wiki/Aristida_congesta,5798633,,"BW,NA,ZA",AT1309
aristidameridionalis,Aristida meridionalis,Aristida sp.,Poales,Poaceae,Aristida,,,http://en.wikipedia.org/wiki/Aristida_meridionalis,5799029,,"BW,NA,ZA",AT1309
asclepiasfruticosa,Asclepias fruticosa,Narrow-leaf cotton bush,Gentianales,Apocynaceae,Gomphocarpus,,,http://en.wikipedia.org/wiki/Asclepias_fruticosa,2892993,,"BW,ZA",AT0709
asparagusafricanus,Asparagus africanus,African asparagus,Asparagales,Asparagaceae,Asparagus,,,http://en.wikipedia.org/wiki/Asparagus_africanus,987593,,"BW,NA",AT0709
asparagusbechuanicus,Asparagus bechuanicus,Wild asparagus,Asparagales,Asparagaceae,Asparagus,,,http://en.wikipedia.org/wiki/Asparagus_bechuanicus,,,"BW,NA,ZA",AT1309
asparaguslaricinus,Asparagus laricinus,Cluster-leaf asparagus,Asparagales,Asparagaceae,Asparagus,,,http://en.wikipedia.org/wiki/Asparagus_laricinus,987834,,"BW,ZA",AT0709
asparagusnelsii,Asparagus nelsii,Sandveld asparagus,Asparagales,Asparagaceae,Asparagus,,,http://en.wikipedia.org/wiki/Asparagus_nelsii,988002,,"BW,NA,ZA",AT1309
asparagussuaveolens,Asparagus suaveolens,Wild asparagus,Asparagales,Asparagaceae,Asparagus,,,http://en.wikipedia.org/wiki/Asparagus_suaveolens,989948,,"BW,NA,ZA",AT1309
atelerixfrontalis,Atelerix frontalis,Southern African hedgehog,Erinaceomorpha,Erinaceidae,Atelerix,,,http://en.wikipedia.org/wiki/Atelerix_frontalis,1178679,,"BW,NA,ZA","AT0709,AT1309"
atractaspisbibronii,Atractaspis bibronii,Bibron's burrowing asp,Squamata,Atractaspididae,Atractaspis,,,http://en.wikipedia.org/wiki/Atractaspis_bibronii,795688,,"BW,NA",AT0709
babianahypogea,Babiana hypogea,Dwarf babiana,Asparagales,Iridaceae,Babiana,,,http://en.wikipedia.org/wiki/Babiana_hypogea,5870044,,"BW,NA,ZA",AT1309
barleriapretoriensis,Barleria pretoriensis,Barleria sp.,Lamiales,Acanthaceae,Barleria,,,http://en.wikipedia.org/wiki/Barleria_pretoriensis,23326822,,"BW,NA",AT0709
bauhiniapetersiana,Bauhinia petersiana,Small white bauhinia,Fabales,Fabaceae,Bauhinia,,,http://en.wikipedia.org/wiki/Bauhinia_petersiana,702820,,"BW,NA,ZA",AT1309
belostomatidae,Belostomatidae,Giant water bug,Hemiptera,Belostomatidae,,,,http://en.wikipedia.org/wiki/Belostomatidae_sp,557,,"BW,ZA",AT0709
berchemiazeyheri,Berchemia zeyheri,Red ivory,Rosales,Rhamnaceae,Berchemia,,,http://en.wikipedia.org/wiki/Berchemia_zeyheri,5534064,,"BW,NA",AT0709
berkheyaradula,Berkheya radula,Sun daisy,Asterales,Asteraceae,Berkheya,,,http://en.wikipedia.org/wiki/Berkheya_radula,6254456,,"BW,ZA",AT0709
bitisarietans,Bitis arietans,African puff adder,Squamata,Viperidae,Bitis,,,http://en.wikipedia.org/wiki/Bitis_arietans,1057058,,"BW,NA,ZA,ZW",AT1309
bitiscaudalis,Bitis caudalis,Horned puff adder,Squamata,Viperidae,Bitis,,,http://en.wikipedia.org/wiki/Bitis_caudalis,1057056,,"BW,NA,ZA",AT1309
blaberidae,Blaberidae,Giant cockroach,Blattodea,Blaberidae sp,,,,http://en.wikipedia.org/wiki/Blaberidae,675,,"BW,NA,ZA",AT1309
blattodea,Blattodea,Cockroach,Blattodea,Blattodea sp,,,,http://en.wikipedia.org/wiki/Blattodea_sp,413,,"BW,ZA",AT0709
boophanedisticha,Boophane disticha,Windball,Asparagales,Amaryllidaceae,Boophone,,,http://en.wikipedia.org/wiki/Boophane_disticha,1086357,,NA,AT1309
bosciaalbitrunca,Boscia albitrunca,Shepherd's tree,Brassicales,Capparaceae,Boscia,"2 - 4 m tall, small flowers, no petals, grey to whitish-grey bark",,http://en.wikipedia.org/wiki/Boscia_albitrunca,5162788,carruthers2000[247];vanrooyen2001[24],"BW,NA,ZA",AT1309
brachystelmaarnotii,Brachystelma arnotii,Brachystelma sp.,Gentianales,Apocynaceae,Brachystelma,,,http://en.wikipedia.org/wiki/Brachystelma_arnotii,,,"BW,NA,ZA",AT1309
brachystelmacupulatum,Brachystelma cupulatum,Brachystelma sp.,Gentianales,Apocynaceae,Brachystelma,,,http://en.wikipedia.org/wiki/Brachystelma_cupulatum,,,"BW,NA,ZA",AT1309
bradyporidae,Bradyporidae,Armoured ground cricket,Orthoptera,Tettigoniidae,,,,http://en.wikipedia.org/wiki/Bradyporidae_sp.,4189068,,"BW,NA,ZA",AT1309
brevicepsadspersus,Breviceps adspersus,Transvaal short-headed frog,Anura,Brevicipitidae,Breviceps,,,http://en.wikipedia.org/wiki/Breviceps_adspersus,1019120,,"BW,NA,ZA",AT0709
brideliamollis,Bridelia mollis,Velvet-leaved bridelia,Malpighiales,Phyllanthaceae,Bridelia,,,http://en.wikipedia.org/wiki/Bridelia_mollis,1149057,,"BW,NA",AT0709
broomeiaellipsospora,Broomeia ellipsospora,Puff ball,Agaricales,Broomeiaceae,Broomeia,,,http://en.wikipedia.org/wiki/Broomeia_ellipsospora,6726826,,"BW,NA,ZA",AT1309
bubalornisalbirostris,Bubalornis albirostris,White-billed buffalo weaver,Passeriformes,Ploceidae,Bubalornis,,,http://en.wikipedia.org/wiki/Bubalornis_albirostris,919579,,"BW,NA",AT0709
buboafricanus,Bubo africanus,Spotted eagle owl,Strigiformes,Strigidae,Bubo,,,http://en.wikipedia.org/wiki/Bubo_africanus,1178253,,"BW,NA,ZA",AT1309
bubolacteus,Bubo lacteus,Verreaux's eagle owl,Strigiformes,Strigidae,Bubo,,,http://en.wikipedia.org/wiki/Bubo_lacteus,1178259,,"BW,MZ,NA,ZA,ZW",AT1309
bubulcusibis,Bubulcus ibis,Cattle egret,Pelecaniformes,Ardeidae,Bubulcus,,,http://en.wikipedia.org/wiki/Bubulcus_ibis,1048666,,"BW,ZA",AT0709
buddlejasaligna,Buddleja saligna,Squarestem butterflybush,Lamiales,Scrophulariaceae,Buddleja,,,http://en.wikipedia.org/wiki/Buddleja_saligna,489677,,"BW,ZA",AT0709
bufogutturalis,Bufo gutturalis,Guttural toad,Anura,Bufonidae,Amietophrynus,,,http://en.wikipedia.org/wiki/Bufo_gutturalis,323986,,NA,AT1309
burhinuscapensis,Burhinus capensis,Spotted thick-knee,Charadriiformes,Burhinidae,Burhinus,,,http://en.wikipedia.org/wiki/Burhinus_capensis,1049041,,"BW,NA,ZA",AT1309
burkeaafricana,Burkea africana,Wild syringa,Fabales,Fabaceae,Burkea,,,http://en.wikipedia.org/wiki/Burkea_africana,703435,,"BW,ZA",AT0709
camponotusmaculatus,Camponotus maculatus,Carpenter ant,Hymenoptera,Formicidae,Camponotus,,,http://en.wikipedia.org/wiki/Camponotus_maculatus,2929807,,"BW,NA,ZA","AT0709,AT1309"
canismesomelas,Canis mesomelas,Black-backed jackal,Carnivora,Canidae,Canis,,,http://en.wikipedia.org/wiki/Canis_mesomelas,328682,,"BW,MZ,NA,ZA,ZW",AT1309
cannabissativa,Cannabis sativa,Marijuana,Rosales,Cannabaceae,Cannabis,,,http://en.wikipedia.org/wiki/Cannabis_sativa,594919,,"BW,NA,ZA,ZW",AT1309
psydraxlivida,Psydrax livida,Green-twigs quar,Gentianales,Rubiaceae,Psydrax,,,http://en.wikipedia.org/wiki/Canthium_huillense,1105230,,"BW,NA",AT0709
capparistomentosa,Capparis tomentosa,African caper,Brassicales,Capparaceae,Capparis,,,http://en.wikipedia.org/wiki/Capparis_tomentosa,5161369,,"BW,NA",AT0709
caprimulgidae,Caprimulgidae,Nightjar,Caprimulgiformes,Caprimulgidae,,,,http://en.wikipedia.org/wiki/Caprimulgidae_sp,7971,,"BW,ZA",AT0709
carabidae,Carabidae,Ground beetle,Coleoptera,Carabidae,,,,http://en.wikipedia.org/wiki/Carabidae_sp.,21436178,,"BW,NA,ZA","AT0709,AT1309"
caracalcaracal,Caracal caracal,Caracal,Carnivora,Felidae,Caracal,,,http://en.wikipedia.org/wiki/Caracal_caracal,312855,,"BW,NA,ZA","AT0709,AT1309"
caralluma,Caralluma,Caralluma sp.,Gentianales,Apocynaceae,Caralluma,,,http://en.wikipedia.org/wiki/Caralluma_sp,2877789,,"BW,ZA","AT0709,AT1309"
carebaravidua,Carebara vidua,Carebara sp.,Hymenoptera,Formicidae,Carebara,,,http://en.wikipedia.org/wiki/Carebara_vidua,450886,,"BW,ZA",AT0709
carissabispinosa,Carissa bispinosa,Y-thorned carissa,Gentianales,Apocynaceae,Carissa,,,http://en.wikipedia.org/wiki/Carissa_bispinosa,6850668,,"BW,NA",AT0709
catophractesalexandri,Catophractes alexandri,Trumpet thorn,Lamiales,Bignoniaceae,Catophractes,,,http://en.wikipedia.org/wiki/Catophractes_alexandri,5640181,,"BW,NA,ZA",AT1309
centropussuperciliosus,Centropus superciliosus,White-browed coucal,Cuculiformes,Cuculidae,Centropus,,,http://en.wikipedia.org/wiki/Centropus_superciliosus,914682,,"BW,ZA",AT0709
cephalocrotonmollisklotsch,Cephalocroton mollis Klotsch,Cephalocroton sp.,Malpighiales,Euphorbiaceae,Cephalocroton,,,http://en.wikipedia.org/wiki/Cephalocroton_mollis_Klotsch,1148361,,"BW,NA,ZA",AT1309
cerambycidae,Cerambycidae,"Longhorn beetle, Long-horned beetle, Longicorn",Coleoptera,Cerambycidae,,,,http://en.wikipedia.org/wiki/Cerambycidae_sp,357,,"BW,ZA",AT0709
ceratotheriumsimum,Ceratotherium simum,White rhinoceros,Perissodactyla,Rhinocerotidae,Ceratotherium,,,http://en.wikipedia.org/wiki/Ceratotherium_simum,311503,,"NA,ZA",AT0709
ceropegiamultiflorasubsptentaculata,Ceropegia multiflora subsp. tentaculata,Lantern flower,Gentianales,Apocynaceae,Ceropegia,,,http://en.wikipedia.org/wiki/Ceropegia_multiflora_tentaculata,35626927,,"BW,NA,ZA",AT1309
chalicodoma,Chalicodoma,Chalicodoma sp.,Hymenoptera,Megachilidae,,,,http://en.wikipedia.org/wiki/Chalicodoma_sp,3797151,,"BW,NA,ZA",AT1309
chamaeleodilepis,Chamaeleo dilepis,Flapneck chameleon,Squamata,Chamaeleonidae,Chamaeleo,,,http://en.wikipedia.org/wiki/Chamaeleo_dilepis,791821,,"BW,ZA",AT0709
chamaeleo,Chamaeleo,Chameleon,Squamata,Chamaeleonidae,Chamaeleo,,,http://en.wikipedia.org/wiki/Chamaeleo_sp.,15730,,NA,AT1309
cheilantheshirta,Cheilanthes hirta,Lip fern,Polypodiales,Pteridaceae,Cheilanthes,,,http://en.wikipedia.org/wiki/Cheilanthes_hirta,6122942,,"BW,NA",AT0709
chrysococcyxcaprius,Chrysococcyx caprius,Dideric cuckoo,Cuculiformes,Cuculidae,Chrysococcyx,,,http://en.wikipedia.org/wiki/Chrysococcyx_caprius,1047926,,"BW,NA,ZA",AT1309
cicadellidae,Cicadellidae,Leafhopper,Hemiptera,Cicadellidae,,,,http://en.wikipedia.org/wiki/Cicadellidae_sp,567,,"BW,NA,ZA",AT1309
cicadidae,Cicadidae,Cicada,Hemiptera,Cicadidae,,,,http://en.wikipedia.org/wiki/Cicadidae_sp,2645413,,"BW,NA,ZA",AT1309
ciconiaabdimii,Ciconia abdimii,Abdim's stork,Ciconiiformes,Ciconiidae,Ciconia,,,http://en.wikipedia.org/wiki/Ciconia_abdimii,1049143,,"BW,MZ,NA,ZA,ZW",AT1309
cissusquadrangularis,Cissus quadrangularis,Veld grape,Vitales,Vitaceae,Cissus,,,http://en.wikipedia.org/wiki/Cissus_quadrangularis,2880476,,"BW,ZA",AT0709
cisticolaaridulus,Cisticola aridulus,Desert cisticola,Passeriformes,Cisticolidae,Cisticola,,,http://en.wikipedia.org/wiki/Cisticola_aridulus,1048126,,"BW,NA,ZA",AT1309
citrulluslanatus,Citrullus lanatus,Watermelon,Cucurbitales,Cucurbitaceae,Citrullus,,,http://en.wikipedia.org/wiki/Citrullus_lanatus,584423,,NA,AT1309
clamatorglandarius,Clamator glandarius,Great spotted cuckoo,Cuculiformes,Cuculidae,Clamator,,,http://en.wikipedia.org/wiki/Clamator_glandarius,914624,,,
clematisoweniae,Clematis oweniae,Traveler's-joy,Ranunculales,Ranunculaceae,Clematis,,,http://en.wikipedia.org/wiki/Clematis_oweniae,5527608,,"BW,NA",AT0709
clonia,Clonia,Clonia sp.,Orthoptera,Tettigoniidae,Clonia,,,http://en.wikipedia.org/wiki/Clonia_sp,19686,,"BW,NA,ZA",AT0709
clutiapulchella,Clutia pulchella,Clutia sp.,Malpighiales,Peraceae,Clutia,,,http://en.wikipedia.org/wiki/Clutia_pulchella,1147740,,"BW,NA",AT0709
cocciniarehmannii,Coccinia rehmannii,Wild cucumber,Cucurbitales,Cucurbitaceae,Coccinia,,,http://en.wikipedia.org/wiki/Coccinia_rehmannii,5735003,,"BW,NA,ZA",AT1309
coliidae,Coliidae,Mousebird,Murie,Swainson,,,,http://en.wikipedia.org/wiki/Coliidae_sp,7980,,"BW,ZA",AT0709
colophospermummopane,Colophospermum mopane,Mopane,Fabales,Fabaceae,Colophospermum,,,http://en.wikipedia.org/wiki/Colophospermum_mopane,418082,,"BW,ZA",AT0709
colubridae,Colubridae,Advanced snake,Squamata,Colubridae,,,,http://en.wikipedia.org/wiki/Colubridae_sp,1722,,"BW,NA,ZA",AT1309
columbaarquatrix,Columba arquatrix,African olive pigeon,Columbiformes,Columbidae,Columba,,,http://en.wikipedia.org/wiki/Columba_arquatrix,1049704,,"BW,ZA",AT0709
columbaguinea,Columba guinea,Speckled pigeon,Columbiformes,Columbidae,Columba,,,http://en.wikipedia.org/wiki/Columba_guinea,1049682,,"BW,ZA",AT0709
combretumapiculatum,Combretum apiculatum,Red bushwillow,Myrtales,Combretaceae,Combretum,,,http://en.wikipedia.org/wiki/Combretum_apiculatum,5426807,,"BW,ZA",AT0709
combretumcollinumsubspgazense,Combretum collinum subsp. gazense,Bicolored bushwillow,Myrtales,Combretaceae,Combretum,,,http://en.wikipedia.org/wiki/Combretum_collinum_Fresen_ssp._Gazense_(Swynn._%26_Bak._F)_Okafor,14005947,,"BW,NA,ZA,ZW",AT1309
combretumerythrophyllum,Combretum erythrophyllum,Bush-willow,Myrtales,Combretaceae,Combretum,,,http://en.wikipedia.org/wiki/Combretum_erythrophyllum,5426959,,"BW,NA",AT0709
combretumhereroense,Combretum hereroense,Russet bush-willow,Myrtales,Combretaceae,Combretum,,,http://en.wikipedia.org/wiki/Combretum_hereroense,5427037,,"BW,NA",AT0709
combretummolle,Combretum molle,Velvet bush-willow,Myrtales,Combretaceae,Combretum,,,http://en.wikipedia.org/wiki/Combretum_molle,5427028,,"BW,ZA",AT0709
combretumzeyheri,Combretum zeyheri,Large-fruited bush-willow,Myrtales,Combretaceae,Combretum,,,http://en.wikipedia.org/wiki/Combretum_zeyheri,5427510,,"BW,NA",AT0709
commelinalivingstonii,Commelina Livingstonii,Commelina sp.,Commelinales,Commelinaceae,Commelina,,,http://en.wikipedia.org/wiki/Commelina_Livingstonii,1122725,,"BW,NA,ZA",AT1309
commicarpuspentandrusburchheimerl,Commicarpus pentandrus (Burch.) Heimerl,Commicarpus sp.,Caryophyllales,Nyctaginaceae,Commicarpus,,,http://en.wikipedia.org/wiki/Commicarpus_pentandrus_(Burch.)_Heimerl,5220854,,"BW,NA,ZA",AT1309
commiphoraafricana,Commiphora africana,African myrrh,Sapindales,Burseraceae,Commiphora,,,http://en.wikipedia.org/wiki/Commiphora_africana,5616141,,"BW,NA,ZA,ZW",AT1309
commiphoraglandulosa,Commiphora glandulosa,Tall firethorn corkwood,Sapindales,Burseraceae,Commiphora,,,http://en.wikipedia.org/wiki/Commiphora_glandulosa,5616260,,"BW,NA,ZW",AT0709
connochaetesgnou,Connochaetes gnou,Black wildebeest,Artiodactyla,Bovidae,Connochaetes,,,http://en.wikipedia.org/wiki/Connochaetes_gnou,308530,,"BW,ZA",AT0709
connochaetestaurinus,Connochaetes taurinus,Brindled gnu,Artiodactyla,Bovidae,Connochaetes,,,http://en.wikipedia.org/wiki/Connochaetes_taurinus,308531,,"BW,MZ,NA,ZA,ZW",AT1309
conyzabonariensis,Conyza bonariensis,Asthmaweed,Asterales,Asteraceae,Erigeron,,,http://en.wikipedia.org/wiki/Conyza_bonariensis,467652,,"BW,ZA",AT0709
coraciascaudatus,Coracias caudatus,Lilac-breasted roller,Coraciiformes,Coraciidae,Coracias,,,http://en.wikipedia.org/wiki/Coracias_caudatus,1064904,,"BW,MZ,NA,ZA,ZW",AT1309
coraciasgarrulus,Coracias garrulus,European roller,Coraciiformes,Coraciidae,Coracias,,,http://en.wikipedia.org/wiki/Coracias_garrulus,1050025,,"BW,ZA",AT0709
coraciasnaevia,Coracias naevia,Purple roller,Coraciiformes,Coraciidae,Coracias,,,http://en.wikipedia.org/wiki/Coracias_naevia,1064906,,"BW,NA,ZA",AT1309
corallocarpusbainesiihookfameeuse,Corallocarpus bainesii (Hook. f.) A. Meeuse,Corallocarpus sp.,Cucurbitales,Cucurbitaceae,Corallocarpus,,,http://en.wikipedia.org/wiki/Corallocarpus_bainesii_(Hook._f.)_A._Meeuse,5736318,,"BW,NA,ZA,ZW",AT1309
cordylustropidosternum,Cordylus tropidosternum,Tropical spinytail lizard,Squamata,Cordylidae,Cordylus,,,http://en.wikipedia.org/wiki/Cordylus_tropidosternum,1056763,,"BW,ZA",AT0709
coreidae,Coreidae,Leaf-footed bug,Hemiptera,Coreidae,,,,http://en.wikipedia.org/wiki/Coreidae_sp,571,,"BW,ZA",AT0709
corvinellamelanoleuca,Corvinella melanoleuca,Magpie shrike,Passeriformes,Laniidae,Corvinella,,,http://en.wikipedia.org/wiki/Corvinella_melanoleuca,1050941,,"BW,ZA",AT0709
corvusalbicollis,Corvus albicollis,White-necked raven,Passeriformes,Corvidae,Corvus,,,http://en.wikipedia.org/wiki/Corvus_albicollis,917344,,"BW,ZA",AT0709
corvusalbus,Corvus albus,Pied crow,Passeriformes,Corvidae,Corvus,,,http://en.wikipedia.org/wiki/Corvus_albus,917338,,"BW,NA,ZA","AT0709,AT1309"
corvuscapensis,Corvus capensis,Cape crow,Passeriformes,Corvidae,Corvus,,,http://en.wikipedia.org/wiki/Corvus_capensis,917347,,"BW,NA,ZA,ZW",AT1309
corythaixoidesconcolor,Corythaixoides concolor,Grey go-away-bird,Musophagiformes,Musophagidae,Corythaixoides,,,http://en.wikipedia.org/wiki/Corythaixoides_concolor,915623,,"BW,ZA",AT0709
coturnixcoturnix,Coturnix coturnix,Common quail,Galliformes,Phasianidae,Coturnix,,,http://en.wikipedia.org/wiki/Coturnix_coturnix,914847,,"BW,ZA",AT0709
creatophoracinerea,Creatophora cinerea,Wattled starling,Passeriformes,Sturnidae,Creatophora,,,http://en.wikipedia.org/wiki/Creatophora_cinerea,1052484,,"BW,NA,ZA",AT1309
crematogaster,Crematogaster,Acrobat ant,Hymenoptera,Formicidae,Crematogaster,,,http://en.wikipedia.org/wiki/Crematogaster_sp,32629,,"BW,NA,ZA",AT1309
crinumfoetidum,Crinum foetidum,Crinum sp.,Asparagales,Amaryllidaceae,Crinum,,,http://en.wikipedia.org/wiki/Crinum_foetidum,11380337,,"BW,NA,ZA",AT1309
crocodylusniloticus,Crocodylus niloticus,Nile crocodile,Crocodylia,Crocodylidae,Crocodylus,,,http://en.wikipedia.org/wiki/Crocodylus_niloticus,795278,,"BW,ZA",AT0709
crocutacrocuta,Crocuta crocuta,Spotted hyena,Carnivora,Hyaenidae,Crocuta,,,http://en.wikipedia.org/wiki/Crocuta_crocuta,311569,,"BW,NA,ZA","AT0709,AT1309"
crotalariadamarensis,Crotalaria damarensis,Crotalaria sp.,Fabales,Fabaceae,Crotalaria,,,http://en.wikipedia.org/wiki/Crotalaria_damarensis,689971,,"BW,NA,ZA,ZW",AT1309
crotalarialotoides,Crotalaria lotoides,Crotalaria sp.,Fabales,Fabaceae,Crotalaria,,,http://en.wikipedia.org/wiki/Crotalaria_lotoides,689872,,"BW,NA",AT0709
crotalariaorientalis,Crotalaria orientalis,Crotalaria sp.,Fabales,Fabaceae,Crotalaria,,,http://en.wikipedia.org/wiki/Crotalaria_orientalis,691057,,"BW,NA,ZA",AT1309
crotalariaspartioides,Crotalaria spartioides,Crotalaria sp.,Fabales,Fabaceae,Crotalaria,,,http://en.wikipedia.org/wiki/Crotalaria_spartioides,691060,,"BW,NA,ZA",AT1309
crotongratissimus,Croton gratissimus,Lavender croton,Malpighiales,Euphorbiaceae,Croton,,,http://en.wikipedia.org/wiki/Croton_gratissimus,1147149,,"BW,NA",AT0709
cryptomysholosericeus,Cryptomys holosericeus,Cryptomys sp.,Rodentia,Bathyergidae,Cryptomys,,,http://en.wikipedia.org/wiki/Cryptomys_holosericeus,12138414,,"BW,NA",AT0709
cryptomyshottentotus,Cryptomys hottentotus,Hottentot mole-rat,Rodentia,Bathyergidae,Cryptomys,,,http://en.wikipedia.org/wiki/Cryptomys_hottentotus,326229,,"BW,NA",AT0709
cuculusclamosus,Cuculus clamosus,Black cuckoo,Cuculiformes,Cuculidae,Cuculus,,,http://en.wikipedia.org/wiki/Cuculus_clamosus,1050139,,"BW,NA,ZA",AT1309
cucumisafricanus,Cucumis africanus,African wild cucumber,Cucurbitales,Cucurbitaceae,Cucumis,,,http://en.wikipedia.org/wiki/Cucumis_africanus,5734700,,"BW,NA,ZA",AT1309
cucumiskalahariensis,Cucumis kalahariensis,Wild cucumber,Cucurbitales,Cucurbitaceae,Cucumis,,,http://en.wikipedia.org/wiki/Cucumis_kalahariensis,5734786,,"BW,NA,ZA",AT1309
cussoniapaniculata,Cussonia paniculata,Mountain cabbage tree,Apiales,Araliaceae,Cussonia,,,http://en.wikipedia.org/wiki/Cussonia_paniculata,1146326,,"BW,ZA",AT0709
cymbopogonplurinodis,Cymbopogon plurinodis,Cymbopogon sp.,Poales,Poaceae,Cymbopogon,,,http://en.wikipedia.org/wiki/Cymbopogon_plurinodis,2884835,,"BW,NA",AT0709
cynictispenicillata,Cynictis penicillata,Yellow mongoose,Carnivora,Herpestidae,Cynictis,,,http://en.wikipedia.org/wiki/Cynictis_penicillata,326843,,"BW,NA,ZA",AT1309
cyperuslongus,Cyperus longus,Galingale,Poales,Cyperaceae,Cyperus,,,http://en.wikipedia.org/wiki/Cyperus_longus,1121449,,"BW,ZA",AT0709
cyperusmargaritaceusvahl,Cyperus margaritaceus Vahl,Nut-gras,Poales,Cyperaceae,Cyperus,,,http://en.wikipedia.org/wiki/Cyperus_margaritaceus_Vahl,1121777,,"BW,NA,ZA",AT1309
damaliscusdorcasphillpsi,Damaliscus dorcas phillpsi,"Blesbok, blesbuck",Artiodactyla,Bovidae,Damaliscus,,,http://en.wikipedia.org/wiki/Damaliscus_dorcas_phillpsi,,,ZA,
damaliscuslunatus,Damaliscus lunatus,Topi,Artiodactyla,Bovidae,Damaliscus,,,http://en.wikipedia.org/wiki/Damaliscus_lunatus,308534,,"BW,ZA",AT0709
danauschrysippus,Danaus chrysippus,Plain tiger,Lepidoptera,Nymphalidae,Danaus,,,http://en.wikipedia.org/wiki/Danaus_chrysippus,2865070,,"BW,NA,ZA",AT1309
dermestes,Dermestes,Larder beetle,Coleoptera,Dermestidae,Dermestes,,,http://en.wikipedia.org/wiki/Dermestes_sp,11139,,"BW,ZA",AT0709
desmodillusauricularis,Desmodillus auricularis,Cape short-eared gerbil,Rodentia,Muridae,Desmodillus,,,http://en.wikipedia.org/wiki/Desmodillus_auricularis,1179688,,"BW,NA,ZA",AT1309
diamphidia,Diamphidia,Bushman arrow-poison beetle,Coleoptera,Chrysomelidae,Diamphidia,,,http://en.wikipedia.org/wiki/Diamphidia_sp,3292549,,"BW,NA,ZA",AT1309
dicerocaryumzanguebarium,Dicerocaryum zanguebarium,Dicerocaryum sp.,Lamiales,Pedaliaceae,Dicerocaryum,,,http://en.wikipedia.org/wiki/Dicerocaryum_zanguebarium,5658248,,"BW,NA",AT0709
dicerosbicornis,Diceros bicornis,Black Rhinoceros,Perissodactyla,Rhinocerotidae,Diceros,,,http://en.wikipedia.org/wiki/Diceros_bicornis,311501,,"NA,ZA,ZW",AT1309
dichrostachyscinerea,Dichrostachys cinerea,Sickle bush,Fabales,Fabaceae,Dichrostachys,,,http://en.wikipedia.org/wiki/Dichrostachys_cinerea,644917,,"BW,NA,ZA",AT1309
dicomaanomala,Dicoma anomala,"Fever bush, stomach bush",Asterales,Asteraceae,Dicoma,,,http://en.wikipedia.org/wiki/Dicoma_anomala,6268567,,"BW,NA",AT0709
dicomacapensis,Dicoma capensis,Dicoma sp.,Asterales,Asteraceae,Dicoma,,,http://en.wikipedia.org/wiki/Dicoma_capensis,6268579,,"BW,NA,ZA",AT1309
dicrurusadsimilis,Dicrurus adsimilis,Fork-tailed drongo,Passeriformes,Dicruridae,Dicrurus,,,http://en.wikipedia.org/wiki/Dicrurus_adsimilis,917065,,"BW,MZ,NA,ZA,ZW",AT1309
digitariaerianthasteud,Digitaria eriantha Steud,Pangola grass,Poales,Poaceae,Digitaria,,,http://en.wikipedia.org/wiki/Digitaria_eriantha_Steud,1114311,,"BW,NA,ZA",AT1309
dinothrombium,Dinothrombium,Dinothrombium sp.,Trombidiformes,Trombidiidae,,,,http://en.wikipedia.org/wiki/Dinothrombium_sp,3198865,,"BW,NA,ZA",AT1309
diospyroslycioides,Diospyros lycioides,Red star apple,Ericales,Ebenaceae,Diospyros,,,http://en.wikipedia.org/wiki/Diospyros_lycioides,5238941,,"BW,NA,ZA",AT1309
dipcadiglaucum,Dipcadi glaucum,Dipcadi sp.,Asparagales,Asparagaceae,Dipcadi,,,http://en.wikipedia.org/wiki/Dipcadi_glaucum,1087523,,"BW,NA,ZA",AT1309
dipcadilongifolium,Dipcadi longifolium,Dipcadi sp.,Asparagales,Asparagaceae,Dipcadi,,,http://en.wikipedia.org/wiki/Dipcadi_longifolium,1087529,,"BW,NA,ZA",AT1309
dipcadimarlothiiengl,Dipcadi marlothii Engl.,Dipcadi sp.,Asparagales,Asparagaceae,Dipcadi,,,http://en.wikipedia.org/wiki/Dipcadi_marlothii_Engl.,1087531,,"BW,NA,ZA",AT1309
dispholidustypus,Dispholidus typus,Boomslang,Squamata,Colubridae,Dispholidus,,,http://en.wikipedia.org/wiki/Dispholidus_typus,455553,,"BW,NA,ZA","AT0709,AT1309"
dolichospratensis,Dolichos pratensis,Dolichos sp.,Fabales,Fabaceae,Dolichos,,,http://en.wikipedia.org/wiki/Dolichos_pratensis,643785,,"BW,NA",AT0709
dombeyarotundifolia,Dombeya rotundifolia,Wild pear,Malvales,Sterculiaceae,Dombeya,,,http://en.wikipedia.org/wiki/Dombeya_rotundifolia,33597011,,"BW,ZA",AT0709
dorylushelvolus,Dorylus helvolus,Red driver ant,Hymenoptera,Formicidae,Dorylus,,,http://en.wikipedia.org/wiki/Dorylus_helvolus,399078,,"BW,NA,ZA",AT1309
duvaliapolita,Duvalia polita,Duvalia sp.,Gentianales,Apocynaceae,Duvalia,,,http://en.wikipedia.org/wiki/Duvalia_polita,5337305,,"BW,ZA",AT1309
dytiscus,Dytiscus,Diving beetle,Coleoptera,Dytiscidae,Dytiscus,,,http://en.wikipedia.org/wiki/Dytiscus_sp,,,"BW,NA,ZA",AT1309
ehretiarigida,Ehretia rigida,"Puzzle bush, Deurmekaarbos",unplaced,Boraginaceae,Ehretia,,,http://en.wikipedia.org/wiki/Ehretia_rigida,5356102,,NA,AT1309
elephantorrhizaburkei,Elephantorrhiza burkei,Sumach bean,Fabales,Fabaceae,Elephantorrhiza,,,http://en.wikipedia.org/wiki/Elephantorrhiza_burkei,685709,,"BW,NA",AT0709
elephantorrhizaelephantina,Elephantorrhiza elephantina,Elephant-root,Fabales,Fabaceae,Elephantorrhiza,,,http://en.wikipedia.org/wiki/Elephantorrhiza_elephantina,686277,,"BW,NA,ZA",AT1309
elephantulusintufi,Elephantulus intufi,Bushvel elephant shrew,Macroscelidea,Macroscelididae,Elephantulus,,,http://en.wikipedia.org/wiki/Elephantulus_intufi,326389,,"BW,NA",AT0709
eleusineindica,Eleusine indica,Indian goosegrass,Poales,Poaceae,Eleusine,,,http://en.wikipedia.org/wiki/Eleusine_indica,1114926,,"BW,ZA",AT0709
englerophytummagalismontanum,Englerophytum magalismontanum,Stem-fruit,Ericales,Sapotaceae,Englerophytum,,,http://en.wikipedia.org/wiki/Englerophytum_magalismontanum,1145537,,"BW,ZA",AT0709
eragrostislehmanniana,Eragrostis lehmanniana,Lehmann's love grass,Poales,Poaceae,Eragrostis,,,http://en.wikipedia.org/wiki/Eragrostis_lehmanniana,1114373,,NA,AT1309
eragrostisrigidior,Eragrostis rigidior,Curlyleaf,Poales,Poaceae,Eragrostis,,,http://en.wikipedia.org/wiki/Eragrostis_rigidior,1115637,,"BW,NA",AT0709
eragrostistrichophora,Eragrostis trichophora,Eragrostis sp.,Poales,Poaceae,Eragrostis,,,http://en.wikipedia.org/wiki/Eragrostis_trichophora,1114391,,"BW,NA,ZA",AT1309
eremias,Eremias,Knox's ocellated sand lizard,Squamata,Lacertidae,,,,http://en.wikipedia.org/wiki/Eremias,34897,,"BW,ZA",AT0709
eremopterixleucotis,Eremopterix leucotis,Chestnut-backed sparrow-lark,Passeriformes,Alaudidae,Eremopterix,,,http://en.wikipedia.org/wiki/Eremopterix_leucotis,915709,,"BW,NA,ZA","AT0709,AT1309"
eresidae,Eresidae,"Velvet spider, Eresid spider",Araneae,Eresidae,,,,http://en.wikipedia.org/wiki/Eresidae_sp,8796,,"BW,NA,ZA",AT1309
erythropygiapaena,Erythropygia paena,Kalahari scrub-robin,Passeriformes,Muscicapidae,Cercotrichas,,,http://en.wikipedia.org/wiki/Erythropygia_paena,1051502,,"BW,NA,ZA",AT1309
eucleacrispa,Euclea crispa,Blue-leaved euclea,Ericales,Ebenaceae,Euclea,,,http://en.wikipedia.org/wiki/Euclea_crispa,5239783,,"BW,NA",AT0709
eucleanatalensis,Euclea natalensis,Coastal hairy guarri,Ericales,Ebenaceae,Euclea,,,http://en.wikipedia.org/wiki/Euclea_natalensis,5239814,,"BW,NA",AT0709
eucleaundulata,Euclea undulata,Small-leaved guarri,Ericales,Ebenaceae,Euclea,,,http://en.wikipedia.org/wiki/Euclea_undulata,5239845,,"BW,NA",AT0709
eumenidae,Eumenidae,Potter wasp,Hymenoptera,Vespidae,,,,http://en.wikipedia.org/wiki/Eumenidae_sp,5440,,"BW,NA,ZA",AT1309
euplectesorix,Euplectes orix,Red bishop,Passeriformes,Ploceidae,Euplectes,,,http://en.wikipedia.org/wiki/Euplectes_orix,919513,,"BW,ZA",AT0709
euplectesprogne,Euplectes progne,Long-tailed widowbird,Passeriformes,Ploceidae,Euplectes,,,http://en.wikipedia.org/wiki/Euplectes_progne,919564,,"BW,ZA",AT0709
eupodotisafra,Eupodotis afra,Black korhaan,Gruiformes,Otididae,Afrotis,,,http://en.wikipedia.org/wiki/Eupodotis_afra,338738,,"BW,NA,ZA",AT1309
eupodotisruficrista,Eupodotis ruficrista,Redcrested korhaan,Gruiformes,Otididae,Lophotis,,,http://en.wikipedia.org/wiki/Eupodotis_ruficrista,338733,,"BW,NA,ZA",AT1309
eurocephalusanguitimens,Eurocephalus anguitimens,Southern white-crowned shrike,Passeriformes,Laniidae,Eurocephalus,,,http://en.wikipedia.org/wiki/Eurocephalus_anguitimens,1050942,,"BW,NA,ZA",AT1309
falcobiarmicus,Falco biarmicus,Lanner falcon,Falconiformes,Falconidae,Falco,,,http://en.wikipedia.org/wiki/Falco_biarmicus,1049182,,"BW,NA,ZA,ZW",AT1309
falcochicquera,Falco chicquera,Red-necked falcon,Falconiformes,Falconidae,Falco,,,http://en.wikipedia.org/wiki/Falco_chicquera,1049191,,"BW,ZA",AT0709
falconaumanni,Falco naumanni,Lesser kestrel,Falconiformes,Falconidae,Falco,,,http://en.wikipedia.org/wiki/Falco_naumanni,1049201,,"BW,ZA",AT0709
falcoperegrinus,Falco peregrinus,Peregrine falcon,Falconiformes,Falconidae,Falco,,,http://en.wikipedia.org/wiki/Falco_peregrinus,1049164,,"BW,ZA",AT0709
falcorupicoloides,Falco rupicoloides,Greater kestrel,Falconiformes,Falconidae,Falco,,,http://en.wikipedia.org/wiki/Falco_rupicoloides,1049207,,"BW,ZA",AT0709
faureasaligna,Faurea saligna,Willow beechwood,Proteales,Proteaceae,Faurea,,,http://en.wikipedia.org/wiki/Faurea_saligna,5510729,,"BW,ZA",AT0709
felislybica,Felis lybica,African wild cat,Carnivora,Felidae,Felis,,,http://en.wikipedia.org/wiki/Felis_lybica,1253260,,"BW,MZ,NA,ZA,ZW",AT1309
felisnigripes,Felis nigripes,African black-footed cat,Carnivora,Felidae,Felis,,,http://en.wikipedia.org/wiki/Felis_nigripes,328666,,"BW,NA,ZA","AT0709,AT1309"
felisserval,Felis serval,Serval,Carnivora,Felidae,Leptailurus,,,http://en.wikipedia.org/wiki/Felis_serval,1041048,,"BW,ZA",AT0709
ferrariaglutinosa,Ferraria glutinosa,Ferraria sp.,Asparagales,Iridaceae,Ferraria,,,http://en.wikipedia.org/wiki/Ferraria_glutinosa,5870570,,"BW,NA,ZA",AT1309
ficusingens,Ficus ingens,Red-leaved rock fig,Rosales,Moraceae,Ficus,,,http://en.wikipedia.org/wiki/Ficus_ingens,4858350,,"BW,NA",AT0709
ficussalicifolia,Ficus salicifolia,Willow-leaved fig,Rosales,Moraceae,Ficus,,,http://en.wikipedia.org/wiki/Ficus_salicifolia,4858351,,"BW,NA,ZA","AT0709,AT1309"
fimbristylishispidula,Fimbristylis hispidula,Fimbristylis hispidula,Poales,Cyperaceae,Bulbostylis,,,http://en.wikipedia.org/wiki/Fimbristylis_hispidula,1125722,,"BW,NA,ZA",AT0709
formicidae,Formicidae,Ant,Hymenoptera,Formicidae,,,,http://en.wikipedia.org/wiki/Formicidae_sp.,699,,"BW,NA,ZA",AT1309
francolinusadspersus,Francolinus adspersus,Red-billed francolin,Galliformes,Phasianidae,Francolinus,,,http://en.wikipedia.org/wiki/Francolinus_adspersus,900214,,"BW,NA,ZA",AT1309
galagomoholi,Galago moholi,Moholi bushbaby,Primates,Galagonidae,Galago,,,http://en.wikipedia.org/wiki/Galago_moholi,310964,,"BW,ZA",AT0709
galerellasanguinea,Galerella sanguinea,"Slender mongoose, Black-tipped mongoose, Black-tailed mongoose",Carnivora,Herpestidae,Galerella,,,http://en.wikipedia.org/wiki/Galerella_sanguinea,311568,,"BW,NA,ZA","AT0709,AT1309"
gazaniakrebsianaserrulata,Gazania krebsiana serrulata,Gazania sp.,Asterales,Asteraceae,Gazania,,,http://en.wikipedia.org/wiki/Gazania_krebsiana_serrulata,6252520,,"BW,NA,ZA","AT0709,AT1309"
geigeriaburkei,Geigeria burkei,Geigeria sp.,Asterales,Asteraceae,Geigeria,,,http://en.wikipedia.org/wiki/Geigeria_burkei,6270013,,"BW,NA",AT0709
genettagenetta,Genetta genetta,Small-spotted genet,Carnivora,Viverridae,Genetta,,,http://en.wikipedia.org/wiki/Genetta_genetta,328095,,"BW,NA,ZA","AT0709,AT1309"
genettagenettapulchra,Genetta genetta pulchra,Small-spotted genet,Carnivora,Viverridae,Genetta,,,http://en.wikipedia.org/wiki/Genetta_genetta_pulchra,33305432,,"BW,NA",AT0709
genettatigrina,Genetta tigrina,Large-spotted genet,Carnivora,Viverridae,Genetta,,,http://en.wikipedia.org/wiki/Genetta_tigrina,328100,,"BW,ZA",AT0709
geochelonepardalis,Geochelone pardalis,Leopard tortoise,Testudines,Testudinidae,Psammobates,,,http://en.wikipedia.org/wiki/Geochelone_pardalis,794299,,"BW,NA,ZA",AT1309
gerrhosaurusflavigularis,Gerrhosaurus flavigularis,Yellow-throated plated lizard,Squamata,Gerrhosauridae,Gerrhosaurus,,,http://en.wikipedia.org/wiki/Gerrhosaurus_flavigularis,1056333,,"BW,ZA",AT0709
gerrhosaurusnigrolineatus,Gerrhosaurus nigrolineatus,Black-lined plated lizard,Squamata,Gerrhosauridae,Gerrhosaurus,,,http://en.wikipedia.org/wiki/Gerrhosaurus_nigrolineatus,794192,,"BW,NA,ZA,ZW",
giraffacamelopardalis,Giraffa camelopardalis,Giraffe,Artiodactyla,Giraffidae,Giraffa,,,http://en.wikipedia.org/wiki/Giraffa_camelopardalis,308378,,"BW,MZ,NA,ZA,ZW",AT1309
glaucidiumperlatum,Glaucidium perlatum,Pearlspotted owlet,Strigiformes,Strigidae,Glaucidium,,,http://en.wikipedia.org/wiki/Glaucidium_perlatum,1178265,,"BW,NA,ZA",AT1309
glossina,Glossina,Tsetse fly,Diptera,Theobald,Glossina,,,http://en.wikipedia.org/wiki/Glossina_sp,12061269,,"BW,ZA",AT0709
gnaphaliumundulatum,Gnaphalium undulatum,Gnaphalium sp.,Asterales,Asteraceae,Gnaphalium,,,http://en.wikipedia.org/wiki/Gnaphalium_undulatum,6237096,,"BW,NA",AT0709
gnidiacapitata,Gnidia capitata,Gnidia sp.,Malvales,Thymelaeaceae,Gnidia,,,http://en.wikipedia.org/wiki/Gnidia_capitata,5469533,,"BW,NA",AT0709
gnidiapolycephala,Gnidia polycephala,Gnidia sp.,Malvales,Thymelaeaceae,Gnidia,,,http://en.wikipedia.org/wiki/Gnidia_polycephala,5468970,,"BW,NA,ZA",AT1309
gomphocarpusfruticosus,Gomphocarpus fruticosus,Narrow-leaf cotton bush,Gentianales,Apocynaceae,Gomphocarpus,,,http://en.wikipedia.org/wiki/Gomphocarpus_fruticosus,2892993,,NA,AT1309
gonopus,Gonopus,"Darkling beetle, Darkening beetle",Coleoptera,Tenebrionidae,,,,http://en.wikipedia.org/wiki/Gonopus_sp,3278000,,"BW,NA,ZA",AT1309
graphiurusmurinus,Graphiurus murinus,Woodland dormouse,Rodentia,Myoxidae,Graphiurus,,,http://en.wikipedia.org/wiki/Graphiurus_murinus,327925,,"BW,NA",AT0709
grewiaavellanahiern,Grewia avellana Hiern,Grewia sp.,Malvales,Malvaceae,Grewia,,,http://en.wikipedia.org/wiki/Grewia_avellana_Hiern,5423882,,"BW,NA,ZA",AT1309
grewiaflava,Grewia flava,Velvet raisin,Malvales,Malvaceae,Grewia,,,http://en.wikipedia.org/wiki/Grewia_flava,5424028,,"BW,NA,ZA",AT1309
grewiaflavescens,Grewia flavescens,Sandpaper raisin,Malvales,Malvaceae,Grewia,,,http://en.wikipedia.org/wiki/Grewia_flavescens,5424029,,"BW,NA,ZA",AT1309
grewiaoccidentalis,Grewia occidentalis,Crossberry,Malvales,Malvaceae,Grewia,,,http://en.wikipedia.org/wiki/Grewia_occidentalis,5424044,,"BW,ZA",AT0709
grewiaretinervis,Grewia retinervis,Kalahari sand raisin,Malvales,Malvaceae,Grewia,,,http://en.wikipedia.org/wiki/Grewia_retinervis,5424289,,"BW,NA,ZA",AT1309
gryllidae,Gryllidae,True cricket,Orthoptera,Gryllidae,,,,http://en.wikipedia.org/wiki/Gryllidae_sp,996,,"BW,ZA",AT0709
gymnosporiaheterophylla,Gymnosporia heterophylla,Caribbean mayten,Celastrales,Celastraceae,Maytenus,,,http://en.wikipedia.org/wiki/Gymnosporia_heterophylla,33589446,,"BW,ZA",AT0709
gypsafricanus,Gyps africanus,White-backed vulture,Accipitriformes,Accipitridae,Gyps,,,http://en.wikipedia.org/wiki/Gyps_africanus,1047564,,"BW,NA,ZA",AT1309
gypscoprotheres,Gyps coprotheres,Cape vulture,Accipitriformes,Accipitridae,Gyps,,,http://en.wikipedia.org/wiki/Gyps_coprotheres,912805,,"BW,NA,ZA",AT1309
gyrinidae,Gyrinidae,Whirligig beetle,Coleoptera,Gyrinidae,,,,http://en.wikipedia.org/wiki/Gyrinidae_sp,7435,,"BW,ZA",AT0709
haliaeetusvocifer,Haliaeetus vocifer,African fish eagle,Accipitriformes,Accipitridae,Haliaeetus,,,http://en.wikipedia.org/wiki/Haliaeetus_vocifer,914530,,"BW,ZA",AT0709
harpagophytumprocumbens,Harpagophytum procumbens,Kalahari devil's claw,Lamiales,Pedaliaceae,Harpagophytum,,,http://en.wikipedia.org/wiki/Harpagophytum_procumbens,5658266,,"BW,NA,ZA",AT1309
helichrysumparonychioides,Helichrysum paronychioides,Helichrysum sp.,Asterales,Asteraceae,Helichrysum,,,http://en.wikipedia.org/wiki/Helichrysum_paronychioides,6231186,,"BW,NA",AT0709
helioboluslugubris,Heliobolus lugubris,"Bushveld lizard, Mourning racerunner",Squamata,Lacertidae,Heliobolus,,,http://en.wikipedia.org/wiki/Heliobolus_lugubris,793367,,"BW,NA",AT1309
heliotropiumciliatum,Heliotropium ciliatum,Heliotropium sp.,unplaced,Boraginaceae,Heliotropium,,,http://en.wikipedia.org/wiki/Heliotropium_ciliatum,5353982,,NA,AT1309
helogaleparvula,Helogale parvula,Dwarf mongoose,Carnivora,Herpestidae,Helogale,,,http://en.wikipedia.org/wiki/Helogale_parvula,999177,,"BW,ZA",AT0709
hemachatushaemachatus,Hemachatus haemachatus,"Ringhals, Ring-necked spitting cobra",Squamata,Elapidae,Hemachatus,,,http://en.wikipedia.org/wiki/Hemachatus_haemachatus,793365,,"BW,ZA",AT0709
hermanniatomentosa,Hermannia tomentosa,Hermannia sp.,Malvales,Malvaceae,Hermannia,,,http://en.wikipedia.org/wiki/Hermannia_tomentosa,5420151,,"BW,NA,ZA",AT1309
hermbstaedtiafleckii,Hermbstaedtia fleckii,Cat's tail,Caryophyllales,Amaranthaceae,Hermbstaedtia,,,http://en.wikipedia.org/wiki/Hermbstaedtia_fleckii,5173187,,"BW,NA,ZA",AT1309
hibiscusengleri,Hibiscus engleri,Hibiscus sp.,Malvales,Malvaceae,Hibiscus,,,http://en.wikipedia.org/wiki/Hibiscus_engleri,5412744,,"BW,NA",AT0709
hippoboscidae,Hippoboscidae,Louse fly,Diptera,Hippoboscidae,,,,http://en.wikipedia.org/wiki/Hippoboscidae_sp,445,,"BW,NA,ZA",AT1309
hippopotamusamphibius,Hippopotamus amphibius,Common hippopotamus,Artiodactyla,Hippopotamidae,Hippopotamus,,,http://en.wikipedia.org/wiki/Hippopotamus_amphibius,311532,,"BW,MZ,NA,ZA,ZW","AT0725,AT0907"
hippotragusniger,Hippotragus niger,Sable antelope,Artiodactyla,Bovidae,Hippotragus,,,http://en.wikipedia.org/wiki/Hippotragus_niger,331077,,"BW,ZA",AT0709
hodotermes,Hodotermes,Northern harvester termite,Isoptera,Hodotermitidae,Hodotermes,,,http://en.wikipedia.org/wiki/Hodotermes,8976933,,"BW,NA,ZA",AT1309
hoffmannseggiaburchellii,Hoffmannseggia burchellii,Hoffmannseggia sp.,Fabales,Fabaceae,Hoffmannseggia,,,http://en.wikipedia.org/wiki/Hoffmannseggia_burchellii,416098,,"BW,NA,ZA",AT1309
hyaenabrunnea,Hyaena brunnea,Brown hyena,Carnivora,Hyaenidae,Hyaena,,,http://en.wikipedia.org/wiki/Hyaena_brunnea,925983,,"BW,NA,ZA","AT0709,AT1309"
hyparrheniafilipendulapilosa,Hyparrhenia filipendula pilosa,Hyparrhenia sp.,Poales,Poaceae,Hyparrhenia,,,http://en.wikipedia.org/wiki/Hyparrhenia_filipendula_pilosa,5796905,,"BW,NA",AT0709
hypolimnasmisippus,Hypolimnas misippus,False plain tiger,Lepidoptera,Nymphalidae,Hypolimnas,,,http://en.wikipedia.org/wiki/Hypolimnas_misippus,163036,,"BW,ZA",AT1309
hypoxisnitida,Hypoxis nitida,Hypoxis sp.,Asparagales,Hypoxidaceae,Hypoxis,,check (not found in EOL or Wikipedia),http://en.wikipedia.org/wiki/Hypoxis_nitida,,,"BW,NA",AT0709
hystrixafricaeaustralis,Hystrix africaeaustralis,Southern African porcupine,Rodentia,Hystricidae,Hystrix,,,http://en.wikipedia.org/wiki/Hystrix_africaeaustralis,326520,,"BW,NA,ZA","AT0709,AT1309"
ichneumiaalbicauda,Ichneumia albicauda,White-tailed mongoose,Carnivora,Herpestidae,Ichneumia,,,http://en.wikipedia.org/wiki/Ichneumia_albicauda,127969,,"BW,ZA",AT0709
ictonyxstriatus,Ictonyx striatus,Zorilla,Carnivora,Mustelidae,Ictonyx,,,http://en.wikipedia.org/wiki/Ictonyx_striatus,328039,,"BW,NA",AT1309
indigoferacharlieriana,Indigofera charlieriana,Indigofera sp.,Fabales,Fabaceae,Indigofera,,,http://en.wikipedia.org/wiki/Indigofera_charlieriana,661280,,"BW,NA,ZA",AT1309
ipomoeabolusiana,Ipomoea bolusiana,Sweet potato,Solanales,Convolvulaceae,Ipomoea,,,http://en.wikipedia.org/wiki/Ipomoea_bolusiana,36563207,,"BW,NA,ZA",AT1309
juliformia,Juliformia,Worm-like millipede,Spirobolida?,,,,Juliformia is a superorder (cf. http://en.wikipedia.org/wiki/Spirobolida),http://en.wikipedia.org/wiki/Juliformia_sp.,13074050,,"BW,NA",AT1309
kalanchoelanceolata,Kalanchoe lanceolata,Kalanchoe sp.,Saxifragales,Crassulaceae,Kalanchoe,,,http://en.wikipedia.org/wiki/Kalanchoe_lanceolata,5549068,,"BW,NA",AT0709
kalanchoepaniculata,Kalanchoe paniculata,Kalanchoe sp.,Saxifragales,Crassulaceae,Kalanchoe,,,http://en.wikipedia.org/wiki/Kalanchoe_paniculata,5549118,,"BW,NA,ZA",AT1309
kalanchoerotundifolia,Kalanchoe rotundifolia,Kalanchoe sp.,Saxifragales,Crassulaceae,Kalanchoe,,,http://en.wikipedia.org/wiki/Kalanchoe_rotundifolia,5549159,,"BW,NA",AT0709
kedrostishirtella,Kedrostis hirtella,Kedrostis sp.,Cucurbitales,Cucurbitaceae,Kedrostis,,,http://en.wikipedia.org/wiki/Kedrostis_hirtella,5737438,,"BW,NA",AT0709
kinixysbelliana,Kinixys belliana,Bells hingeback tortoise,Testudines,Testudinidae,Kinixys,,,http://en.wikipedia.org/wiki/Kinixys_belliana,793051,,"BW,ZA",AT0709
kobusellipsiprymnus,Kobus ellipsiprymnus,Waterbuck,Artiodactyla,Bovidae,Kobus,,,http://en.wikipedia.org/wiki/Kobus_ellipsiprymnus,328724,,"BW,MZ,ZA,ZW",
kyllingaalata,Kyllinga alata,Kyllinga sp.,Poales,Cyperaceae,Kyllinga,,,http://en.wikipedia.org/wiki/Kyllinga_alata,17029611,,"BW,NA,ZA",AT1309
kyllingaalba,Kyllinga alba,White sedge,Poales,Cyperaceae,Kyllinga,,,http://en.wikipedia.org/wiki/Kyllinga_alba,1117274,,"BW,NA,ZA",AT1309
lamprotornisnitens,Lamprotornis nitens,Cape starling,Passeriformes,Sturnidae,Lamprotornis,,,http://en.wikipedia.org/wiki/Lamprotornis_nitens,1052499,,"BW,NA,ZA",AT1309
lampyridae,Lampyridae,"Firefly, Lightning bug",Coleoptera,Lampyridae,,,,http://en.wikipedia.org/wiki/Lampyridae_sp,7487,,"BW,ZA",AT0709
laniariusatrococcineus,Laniarius atrococcineus,Crimson-breasted shrike,Passeriformes,Malaconotidae,Laniarius,,,http://en.wikipedia.org/wiki/Laniarius_atrococcineus,1050952,,"BW,NA,ZA",AT1309
laniuscollaris,Lanius collaris,Southern fiscal,Passeriformes,Laniidae,Lanius,,,http://en.wikipedia.org/wiki/Lanius_collaris,1050916,,"BW,ZA",AT0709
laniusminor,Lanius minor,Lesser grey shrike,Passeriformes,Laniidae,Lanius,,,http://en.wikipedia.org/wiki/Lanius_minor,1050928,,"BW,NA,ZA",AT1309
lanneadiscolor,Lannea discolor,Tree grape,Sapindales,Anacardiaceae,Lannea,,,http://en.wikipedia.org/wiki/Lannea_discolor,6935354,,"BW,NA",AT0709
lantanarugosa,Lantana rugosa,Small lantana,Lamiales,Verbenaceae,Lantana,,,http://en.wikipedia.org/wiki/Lantana_rugosa,5385472,,"BW,NA",AT0709
lasiocampidae,Lasiocampidae,Lappet moth,Lepidoptera,Lasiocampidae,,,,http://en.wikipedia.org/wiki/Lasiocampidae,848,,"BW,NA,ZA",AT1309
ledebouriamarginata,Ledebouria marginata,Ledebouria sp.,Asparagales,Asparagaceae,Ledebouria,,,http://en.wikipedia.org/wiki/Ledebouria_marginata,1003549,,"BW,NA",AT0709
ledebouria,Ledebouria,Ledebouria sp.,Asparagales,Hyacinthaceae,Ledebouria,,,http://en.wikipedia.org/wiki/Ledebouria_sp,31847,,"BW,ZA",AT0709
leonotismicrophylla,Leonotis microphylla,Leonotis sp.,Lamiales,Lamiaceae,Leonotis,,Leonotis myricifolia? eol 5375095,http://en.wikipedia.org/wiki/Leonotis_microphylla,,,"BW,NA",AT0709
leptoptiloscrumeniferus,Leptoptilos crumeniferus,Marabou stork,Ciconiiformes,Ciconiidae,Leptoptilos,,,http://en.wikipedia.org/wiki/Leptoptilos_crumeniferus,1049153,,"BW,ZA",AT0709
leptotyphlops,Leptotyphlops,"Threadsnake, Slender blind snake",Squamata,Leptotyphlopidae,Leptotyphlops,,,http://en.wikipedia.org/wiki/Leptotyphlops_sp,13959,,"BW,NA,ZA",AT1309
lepuscapensis,Lepus capensis,Cape hare,Lagomorpha,Leporidae,Lepus,,,http://en.wikipedia.org/wiki/Lepus_capensis,327967,,"BW,ZA",AT0709
lepuseuropaeus,Lepus europaeus,European hare,Lagomorpha,Leporidae,Lepus,,,http://en.wikipedia.org/wiki/Lepus_europaeus,118009,,"BW,ZA",AT0709
lepussaxatilis,Lepus saxatilis,Scrub hare,Lagomorpha,Leporidae,Lepus,,,http://en.wikipedia.org/wiki/Lepus_saxatilis,311984,,"BW,NA,ZA",AT1309
leucasmartinicensis,Leucas martinicensis,Whitewort,Lamiales,Lamiaceae,Leucas,,,http://en.wikipedia.org/wiki/Leucas_martinicensis,579214,,"BW,NA,ZA",AT1309
lippiajavanica,Lippia javanica,Lemon bush,Lamiales,Verbenaceae,Lippia,,,http://en.wikipedia.org/wiki/Lippia_javanica,5388980,,"BW,NA",AT0709
lippiascaberrima,Lippia scaberrima,Beukessboss,Lamiales,Verbenaceae,Lippia,,,http://en.wikipedia.org/wiki/Lippia_scaberrima,5389151,,"BW,NA",AT0709
locustamigratoriamigratorioides,Locusta migratoria migratorioides,African locust,Orthoptera,Acrididae,Locusta,,,http://en.wikipedia.org/wiki/Locusta_migratoria_migratorioides,1238398,,"BW,ZA",AT0709
locustanapardalina,Locustana pardalina,Brown locust,Orthoptera,Acrididae,Locustana,,,http://en.wikipedia.org/wiki/Locustana_pardalina,659564,,"BW,NA",AT0709
lonchocarpusnelsii,Lonchocarpus nelsii,Kalahari appleleaf,Fabales,Fabaceae,Lonchocarpus,,,http://en.wikipedia.org/wiki/Lonchocarpus_nelsii,686451,,"BW,NA,ZA",AT1309
loxodontaafricana,Loxodonta africana,African bush elephant,Proboscidea,Elephantidae,Loxodonta,,,http://en.wikipedia.org/wiki/Loxodonta_africana,289808,,"BW,NA,ZA","AT0709,AT1309"
lycaonpictus,Lycaon pictus,Painted hunting dog,Carnivora,Canidae,Lycaon,,,http://en.wikipedia.org/wiki/Lycaon_pictus,328697,,"BW,NA,ZA","AT0709,AT1309"
lycidae,Lycidae,Net-winged beetle,Coleoptera,Lycidae,,,,http://en.wikipedia.org/wiki/Lycidae_sp,382,,"BW,ZA",AT0709
lyciumbosciifolium,Lycium bosciifolium,Limpopo honey-thorn,Solanales,Solanaceae,Lycium,,,http://en.wikipedia.org/wiki/Lycium_bosciifolium,5700974,,NA,AT1309
lycosa,Lycosa,Wolf spider,Araneae,Lycosidae,Lycosa,,,http://en.wikipedia.org/wiki/Lycosa_sp,89111,,"BW,NA,ZA",AT1309
mabouyapunctatissima,Mabouya punctatissima,Mabouya sp.,Squamata,Scincidae,Mabuya,,check!,http://en.wikipedia.org/wiki/Mabouya_punctatissima,25751484,,"BW,NA,ZA",AT1309
macronousgularis,Macronous gularis,Striated tit babbler,Passeriformes,Sylviidae,Macronous,,,http://en.wikipedia.org/wiki/Macronous_gularis,1052269,,"BW,NA,ZA",AT1309
macroscelidesproboscideus,Macroscelides proboscideus,Short-eared elephant shrew,Macroscelidea,Macroscelididae,Macroscelides,,,http://en.wikipedia.org/wiki/Macroscelides_proboscideus,326395,,"NA,ZA","AT1314,AT1315,AT1322"
macrotermes,Macrotermes,Macrotermes sp.,Isoptera,Termitidae,Macrotermes,,,http://en.wikipedia.org/wiki/Macrotermes_sp,3837093,,"BW,NA",AT1309
maeruaangolensis,Maerua angolensis,Bead-bean,Brassicales,Capparaceae,Maerua,,,http://en.wikipedia.org/wiki/Maerua_angolensis,5163284,,"BW,NA",AT0709
manistemminckii,Manis temminckii,Ground pangolin,Pholidota,Manidae,Manis,,,http://en.wikipedia.org/wiki/Manis_temminckii,337648,,"BW,NA,ZA",AT1309
mantodea,Mantodea,Praying mantis,Mantodea,,,,,http://en.wikipedia.org/wiki/Mantodea_sp.,38468255,,NA,AT1309
mariscuschersinus,Mariscus chersinus,Monkey blub,Poales,Cyperaceae,Cyperus,,,http://en.wikipedia.org/wiki/Mariscus_chersinus,1122094,,"BW,NA,ZA",AT1309
megachile,Megachile,Leafcutter bees,Hymenoptera,Megachilidae,,,,http://en.wikipedia.org/wiki/Megachile_sp,104071,,"BW,NA,ZA",AT1309
melhaniaacuminata,Melhania acuminata,Melhania sp.,Malvales,Malvaceae,Melhania,,check!,http://en.wikipedia.org/wiki/Melhania_acuminata,,,"BW,NA,ZA",AT1309
melieraxcanorus,Melierax canorus,Pale chanting goshawk,Accipitriformes,Accipitridae,Melierax,,,http://en.wikipedia.org/wiki/Melierax_canorus,1047585,,"BW,NA,ZA",AT1309
melieraxgabar,Melierax gabar,Gabar goshawk,Accipitriformes,Accipitridae,Micronisus,,,http://en.wikipedia.org/wiki/Melierax_gabar,1047586,,"BW,ZA",AT0709
melinisrepens,Melinis repens,Natal red-top,Poales,Poaceae,Melinis,,,http://en.wikipedia.org/wiki/Melinis_repens,1115846,,"BW,ZA",AT0709
mellivoracapensis,Mellivora capensis,Ratel,Carnivora,Mustelidae,Mellivora,,,http://en.wikipedia.org/wiki/Mellivora_capensis,328035,,"BW,NA,ZA","AT0709,AT1309"
meloidae,Meloidae,"Blister beetle, Oil beetle, CMR beetle",Coleoptera,Meloidae,,,,http://en.wikipedia.org/wiki/Meloidae_sp.,387,,"BW,NA,ZA",AT1309
melolonthinae,Melolonthinae,May beetle,Coleoptera,Scarabaeidae,,,Subfamily of Scarabaeidae,http://en.wikipedia.org/wiki/Melolonthinae_sp,,,"BW,NA,ZA",AT1309
meropshirundineus,Merops hirundineus,Swallow-tailed bee-eater,Coraciiformes,Meropidae,Merops,,,http://en.wikipedia.org/wiki/Merops_hirundineus,1050041,,"BW,NA,ZA",AT1309
milvusaegyptius,Milvus aegyptius,Yellowbilled kite,Accipitriformes,Accipitridae,Milvus,,,http://en.wikipedia.org/wiki/Milvus_aegyptius,4378865,,"BW,NA,ZA",AT1309
milvusmigrans,Milvus migrans,Black kite,Accipitriformes,Accipitridae,Milvus,,,http://en.wikipedia.org/wiki/Milvus_migrans,1049133,,"BW,NA,ZA",AT1309
mimusopszeyheri,Mimusops zeyheri,Red milkwood,Ericales,Sapotaceae,Mimusops,,,http://en.wikipedia.org/wiki/Mimusops_zeyheri,1154193,,"BW,NA",AT0709
mirafrasabota,Mirafra sabota,Sabota lark,Passeriformes,Alaudidae,Mirafra,,,http://en.wikipedia.org/wiki/Mirafra_sabota,915974,,"BW,NA",AT0709
momordicabalsamina,Momordica balsamina,Balsam apple,Cucurbitales,Cucurbitaceae,Momordica,,,http://en.wikipedia.org/wiki/Momordica_balsamina,584305,,"BW,NA,ZA",AT1309
monechmagenistifolium,Monechma genistifolium,Perdebos,Lamiales,Acanthaceae,Monechma,,,http://en.wikipedia.org/wiki/Monechma_genistifolium,5633972,,"BW,NA,ZA",AT1309
monechmaincanum,Monechma incanum,Monechma sp.,Lamiales,Acanthaceae,Monechma,,,http://en.wikipedia.org/wiki/Monechma_incanum,5633997,,NA,AT1309
monopeltis,Monopeltis,Wedge-snouted worm lizard,Squamata,Amphisbaenidae,,,,http://en.wikipedia.org/wiki/Monopeltis,35596,,"BW,NA",AT0709
montagnea,Montagnea,Montagnea sp.,Agaricales,Agaricaceae,Montagnea,,,http://en.wikipedia.org/wiki/Montagnea_sp,6726595,,"BW,NA,ZA",AT1309
monticolarupestris,Monticola rupestris,Cape rock thrush,Passeriformes,Turdidae,Monticola,,,http://en.wikipedia.org/wiki/Monticola_rupestris,1052796,,"BW,ZA",AT0709
motacillacapensis,Motacilla capensis,Cape wagtail,Passeriformes,Motacillidae,Motacilla,,,http://en.wikipedia.org/wiki/Motacilla_capensis,1051313,,"BW,ZA",AT0709
munduleasericea,Mundulea sericea,Cork bush,Fabales,Fabaceae,Mundulea,,,http://en.wikipedia.org/wiki/Mundulea_sericea,687024,,"BW,NA",AT0709
mungosmungo,Mungos mungo,Banded mongoose,Carnivora,Herpestidae,Mungos,,,http://en.wikipedia.org/wiki/Mungos_mungo,311541,,"BW,NA,ZA",AT1309
musindutus,Mus indutus,Desert pygmy mouse,Rodentia,Muridae,Mus,,,http://en.wikipedia.org/wiki/Mus_indutus,1179235,,"BW,NA,ZA",AT1309
mylabris,Mylabris,Blister beelte,Coleoptera,Meloidae,Mylabris,,,http://en.wikipedia.org/wiki/Mylabris_sp,1407030,,"BW,ZA",AT0709
myrmecocichlaformicivora,Myrmecocichla formicivora,Ant-eating chat,Passeriformes,Muscicapidae,Myrmecocichla,,,http://en.wikipedia.org/wiki/Myrmecocichla_formicivora,1051590,,"BW,ZA",AT0709
myrmeleonquinquemaculatus,Myrmeleon quinquemaculatus,Dragonfly,Neuroptera,Myrmeleontidae,Myrmeleon,,,http://en.wikipedia.org/wiki/Myrmeleon_quinquemaculata,8108423,,"BW,NA",AT1309
najahaje,Naja haje,Egyptian cobra,Squamata,Elapidae,Naja,,,http://en.wikipedia.org/wiki/Naja_haje,458632,,,
najanigricollis,Naja nigricollis,Black-necked spitting cobra,Squamata,Elapidae,Naja,,,http://en.wikipedia.org/wiki/Naja_nigricollis,791404,,"BW,ZA",AT0709
najanivea,Naja nivea,Cape cobra,Squamata,Elapidae,Naja,,,http://en.wikipedia.org/wiki/Naja_nivea,791402,,"BW,NA,ZA",AT1309
nectariniamariquensis,Nectarinia mariquensis,Marico sunbird,Passeriformes,Nectariniidae,Nectarinia,,,http://en.wikipedia.org/wiki/Nectarinia_mariquensis,1051767,,"BW,NA,ZA",AT1309
nectariniidae,Nectariniidae,Sunbird,Passeriformes,Nectariniidae,,,,http://en.wikipedia.org/wiki/Nectariniidae_sp,1636,,"BW,ZA",AT0709
neorautaneniaamboensis,Neorautanenia amboensis,Neorautanenia sp.,Fabales,Fabaceae,Neorautanenia,,,http://en.wikipedia.org/wiki/Neorautanenia_amboensis,645083,,"BW,NA,ZA",AT1309
nepidae,Nepidae,Water scorpion,Hemiptera,Nepidae,,,,http://en.wikipedia.org/wiki/Nepidae_sp,615,,"BW,ZA",AT0709
nidorellaresedifolia,Nidorella resedifolia,Nidorella sp.,Asterales,Asteraceae,Nidorella,,,http://en.wikipedia.org/wiki/Nidorella_resedifolia,5119736,,"BW,NA",AT0709
nomadacrisseptemfasciata,Nomadacris septemfasciata,Red locust,Orthoptera,Acrididae,Nomadacris,,,http://en.wikipedia.org/wiki/Nomadacris_septemfasciata,856840,,"BW,ZA",AT0709
nomia,Nomia,Nomia sp.,Hymenoptera,Halictidae,Nomia,,,http://en.wikipedia.org/wiki/Nomia_sp,36179,,"BW,NA,ZA",AT0709
numidameleagris,Numida meleagris,Helmeted guineafowl,Galliformes,Numididae,Numida,,,http://en.wikipedia.org/wiki/Numida_meleagris,1049265,,NA,AT1309
nycteristhebaica,Nycteris thebaica,Egyptian slit-faced bat,Chiroptera,Nycteridae,Nycteris,,,http://en.wikipedia.org/wiki/Nycteris_thebaica,1038760,,"BW,NA,ZA",AT1309
ochnapulchra,Ochna pulchra,Peeling-bark ochna,Malpighiales,Ochnaceae,Ochna,,,http://en.wikipedia.org/wiki/Ochna_pulchra,5714446,,"BW,NA,ZA",AT1309
oenacapensis,Oena capensis,Namaqua dove,Columbiformes,Columbidae,Oena,,,http://en.wikipedia.org/wiki/Oena_capensis,1049786,,"BW,MZ,NA,ZA,ZW",AT1309
oleaeuropaeaafricana,Olea europaea africana,African olive,Lamiales,Oleaceae,Olea,up to 6 m tall,,http://en.wikipedia.org/wiki/Olea_europaea_africana,1278130,vanrooyen2001[36],"BW,NA",AT0709
olenecamptus,Olenecamptus,Olenecamptus sp.,Coleoptera,Cerambycidae,,,,http://en.wikipedia.org/wiki/Olenecamptus_sp,9933,,"BW,NA,ZA",AT1309
omorgus,Omorgus,Hide or skin beetle,Coleoptera,Trogidae,Omorgus,,,http://en.wikipedia.org/wiki/Omorgus_sp,16944,,"BW,NA,ZA",AT1309
onychognathusmorio,Onychognathus morio,Red-winged starling,Passeriformes,Sturnidae,Onychognathus,,,http://en.wikipedia.org/wiki/Onychognathus_morio,1052517,,"BW,ZA",AT0709
orbeopsisknobelii,Orbeopsis knobelii,Orbeopsis sp.,Gentianales,Apocynaceae,Orbeopsis,,Orbeopsis cf. eol 5339044,http://en.wikipedia.org/wiki/Orbeopsis_knobelii,,,"BW,NA,ZA",AT1309
oreotragusoreotragus,Oreotragus oreotragus,Klipspringer,Artiodactyla,Bovidae,Oreotragus,,,http://en.wikipedia.org/wiki/Oreotragus_oreotragus,331065,,"BW,ZA",AT0709
ornithogalumlongibracteatum,Ornithogalum longibracteatum,False seaonion,Asparagales,Asparagaceae,Albuca,,,http://en.wikipedia.org/wiki/Ornithogalum_longibracteatum,1014179,,"BW,NA,ZA",AT1309
orycteropusafer,Orycteropus afer,Aardvark,Tubulidentata,Orycteropodidae,Orycteropus,,,http://en.wikipedia.org/wiki/Orycteropus_afer,327830,,"BW,MZ,NA,ZA,ZW",AT1309
oryxgazella,Oryx gazella,Gemsbok,Artiodactyla,Bovidae,Oryx,,,http://en.wikipedia.org/wiki/Oryx_gazella,331079,,"BW,NA,ZA,ZW",AT1309
osyrislanceolata,Osyris lanceolata,Transvaal sumach,Santalales,Santalaceae,Osyris,,,http://en.wikipedia.org/wiki/Osyris_lanceolata,5610491,,"BW,ZA",AT0709
otocyonmegalotis,Otocyon megalotis,Bat-eared fox,Carnivora,Canidae,Otocyon,,,http://en.wikipedia.org/wiki/Otocyon_megalotis,37682085,,,
otolemurcrassicaudatus,Otolemur crassicaudatus,Thick-tailed bushbaby,Primates,Galagonidae,Otolemur,,,http://en.wikipedia.org/wiki/Otolemur_crassicaudatus,324410,,"BW,ZA",AT0709
otopteraburchellii,Otoptera burchellii,Otoptera sp.,Fabales,Fabaceae,Otoptera,,,http://en.wikipedia.org/wiki/Otoptera_burchellii,645197,,"BW,NA,ZA",AT1309
otusleucotis,Otus leucotis,White-faced scops owl,Strigiformes,Strigidae,Ptilopsis,,,http://en.wikipedia.org/wiki/Otus_leucotis,1024939,,"BW,ZA",AT0709
oxaliscorniculata,Oxalis corniculata,Creeping woodsorrel,Oxalidales,Oxalidaceae,Oxalis,,,http://en.wikipedia.org/wiki/Oxalis_corniculata,582447,,"BW,ZA",AT0709
oxygonumalatum,Oxygonum alatum,Oxygonum sp.,Caryophyllales,Polygonaceae,Oxygonum,,,http://en.wikipedia.org/wiki/Oxygonum_alatum,5498352,,"BW,NA,ZA",AT1309
ozoroapaniculosa,Ozoroa paniculosa,"Common resin tree, Bushveld ozoroa",Sapindales,Anacardiaceae,Ozoroa,,,http://en.wikipedia.org/wiki/Ozoroa_paniculosa,6935458,,"BW,NA",AT0709
pachydactyluscapensis,Pachydactylus capensis,Cape thick-toed gecko,Squamata,Gekkonidae,Pachydactylus,,,http://en.wikipedia.org/wiki/Pachydactylus_capensis,1055699,,"BW,NA",AT0709
pachydactylusturneri,Pachydactylus turneri,Turner's thick-toed gecko,Squamata,Gekkonidae,Chondrodactylus,,,http://en.wikipedia.org/wiki/Pachydactylus_turneri,790060,,"BW,NA,ZA",AT1309
pancratiumtenuifolium,Pancratium tenuifolium,Pancratium sp.,Asparagales,Amaryllidaceae,Pancratium,,,http://en.wikipedia.org/wiki/Pancratium_tenuifolium,1081673,,"BW,NA,ZA",AT1309
panicumkalaharense,Panicum kalaharense,Panicum sp.,Poales,Poaceae,Panicum,,,http://en.wikipedia.org/wiki/Panicum_kalaharense,5806138,,"BW,NA,ZA",AT1309
panicummaximum,Panicum maximum,Guinea grass,Poales,Poaceae,Panicum,,,http://en.wikipedia.org/wiki/Panicum_maximum,1115687,,"BW,NA,ZA",AT1309
pantheraleo,Panthera leo,Asian lion,Carnivora,Felidae,Panthera,,,http://en.wikipedia.org/wiki/Panthera_leo,328672,,"BW,MZ,NA,ZA,ZW",AT1309
pantheraparduspardus,Panthera pardus pardus,African leopard,Carnivora,Felidae,Panthera,,,http://en.wikipedia.org/wiki/Panthera_pardus_pardus,1270484,,"BW,NA,ZA","AT0709,AT1309"
papioursinus,Papio ursinus,"Chacma baboon, Cape baboon",Primates,Cercopithecidae,Papio,,,http://en.wikipedia.org/wiki/Papio_ursinus,2925218,,"BW,NA,ZA","AT0709,AT1309"
pappeacapensis,Pappea capensis,Judgement tree,Apiales,Apiaceae,Pappea,,,http://en.wikipedia.org/wiki/Pappea_capensis,5051579,,"BW,NA",AT0709
parabuthusgranulatus,Parabuthus granulatus,Parabuthus sp.,Scorpiones,Buthidae,Parabuthus,,,http://en.wikipedia.org/wiki/Parabuthus_granulatus,5012059,,"BW,NA,ZA",AT1309
paraxeruscepapi,Paraxerus cepapi,Yellow-footed squirrel,Rodentia,Sciuridae,Paraxerus,,,http://en.wikipedia.org/wiki/Paraxerus_cepapi,321419,,"BW,ZA",AT0709
parinaricapensis,Parinari capensis,Sand apple,Malpighiales,Chrysobalanaceae,Parinari,,,http://en.wikipedia.org/wiki/Parinari_capensis,632316,,"BW,NA",AT0709
passerdomesticus,Passer domesticus,House sparrow,Passeriformes,Passeridae,Passer,,,http://en.wikipedia.org/wiki/Passer_domesticus,922241,,"BW,ZA",AT0709
passergriseus,Passer griseus,Northern grey-headed sparrow,Passeriformes,Passeridae,Passer,,,http://en.wikipedia.org/wiki/Passer_griseus,1052109,,"BW,ZA",AT0709
passermelanurus,Passer melanurus,Cape sparrow,Passeriformes,Passeridae,Passer,,,http://en.wikipedia.org/wiki/Passer_melanurus,1052114,,"BW,ZA",AT0709
passermotitensis,Passer motitensis,Great sparrow,Passeriformes,Passeridae,Passer,,,http://en.wikipedia.org/wiki/Passer_motitensis,1052116,,"BW,ZA",AT0709
pedetescapensis,Pedetes capensis,Springhare,Rodentia,Pedetidae,Pedetes,,,http://en.wikipedia.org/wiki/Pedetes_capensis,289798,,"BW,MZ,NA,ZA,ZW",AT1309
peleacapreolus,Pelea capreolus,Grey rhebok,Artiodactyla,Bovidae,Pelea,,,http://en.wikipedia.org/wiki/Pelea_capreolus,331081,,"BW,ZA",AT0709
pellaeacalomelanos,Pellaea calomelanos,Blue rock fern,Polypodiales,Sinopteridaceae,Pellaea,,,http://en.wikipedia.org/wiki/Pellaea_calomelanos,6120234,,"BW,ZA",AT0709
pelomedusasubrufa,Pelomedusa subrufa,Helmeted turtle,Testudines,Pelomedusidae,Pelomedusa,,,http://en.wikipedia.org/wiki/Pelomedusa_subrufa,791177,,"BW,ZA",AT0709
peltophorumafricanum,Peltophorum africanum,African wattle,Fabales,Fabaceae,Peltophorum,,,http://en.wikipedia.org/wiki/Peltophorum_africanum,638388,,"BW,NA",AT0709
pennisetumglaucum,Pennisetum glaucum,Pearl millet,Poales,Poaceae,Pennisetum,,,http://en.wikipedia.org/wiki/Pennisetum_glaucum,1115854,,"BW,NA",AT0709
pentatomidae,Pentatomidae,"Stink bug, Shield bug, Terrestrial Turtle Bug",Hemiptera,Pentatomidae,,,,http://en.wikipedia.org/wiki/Pentatomidae_sp,620,,"BW,NA,ZA","AT0709,AT1309"
pentarrhinuminsipidum,Pentarrhinum insipidum,African heart-vine,Gentianales,Apocynaceae,Pentarrhinum,,,http://en.wikipedia.org/wiki/Pentharrhinum_insipidum,5339290,,"BW,ZA",AT1309
pergulariadaemia,Pergularia daemia,Trellis-vine,Gentianales,Apocynaceae,Pergularia,,,http://en.wikipedia.org/wiki/Pergularia_daemia,483866,,"BW,NA,ZA",AT1309
petroniasuperciliaris,Petronia superciliaris,Yellow-throated petronia,Passeriformes,Passeridae,Petronia,,,http://en.wikipedia.org/wiki/Petronia_superciliaris,919088,,"BW,ZA",AT0709
phacochoerusaethiopicus,Phacochoerus aethiopicus,Desert warthog,Artiodactyla,Suidae,Phacochoerus,,,http://en.wikipedia.org/wiki/Phacochoerus_aethiopicus,328331,,"BW,MZ,NA,ZA,ZW",AT1309
philetairussocius,Philetairus socius,Sociable weaver,Passeriformes,Passeridae,Philetairus,,,http://en.wikipedia.org/wiki/Philetairus_socius,919094,,"BW,NA,ZA",AT1309
phoeniculuscyanomelas,Phoeniculus cyanomelas,Common scimitar-bill,Upupiformes,Phoeniculidae,Rhinopomastus,,,http://en.wikipedia.org/wiki/Phoeniculus_cyanomelas,1178474,,"BW,MZ,NA,ZA,ZW",AT1309
phyllanthusmaderaspatensis,Phyllanthus maderaspatensis,Phyllanthus sp.,Malpighiales,Phyllanthaceae,Phyllanthus,,,http://en.wikipedia.org/wiki/Phyllanthus_maderaspatensis,1152842,,"BW,NA",AT0709
phymateusviridipes,Phymateus viridipes,Phymateus sp.,Orthoptera,Pyrgomorphidae,Phymateus,,,http://en.wikipedia.org/wiki/Phymateus_viridipes,868135,,"BW,ZA",AT0709
physalisangulata,Physalis angulata,Lanceleaf groundcherry,Solanales,Solanaceae,Physalis,,,http://en.wikipedia.org/wiki/Physalis_angulata,581062,,"BW,ZA",AT0709
plectropterusgambensis,Plectropterus gambensis,Spur-winged goose,Anseriformes,Anatidae,Plectropterus,,,http://en.wikipedia.org/wiki/Plectropterus_gambensis,1048538,,"BW,ZA",AT0709
plocepassermahali,Plocepasser mahali,White-browed sparrow-weaver,Passeriformes,Passeridae,Plocepasser,,,http://en.wikipedia.org/wiki/Plocepasser_mahali,919104,,"BW,NA,ZA,ZW",AT1309
ploceusvelatus,Ploceus velatus,Southern masked weaver,Passeriformes,Ploceidae,Ploceus,,,http://en.wikipedia.org/wiki/Ploceus_velatus,919811,,"BW,NA,ZA","AT0709,AT1309"
poecilogalealbinucha,Poecilogale albinucha,African striped weasel,Carnivora,Mustelidae,Poecilogale,,,http://en.wikipedia.org/wiki/Poecilogale_albinucha,328042,,"BW,ZA",AT0709
pollichiacampestris,Pollichia campestris,Waxberry,Caryophyllales,Caryophyllaceae,Pollichia,,,http://en.wikipedia.org/wiki/Pollichia_campestris,5361285,,"BW,NA,ZA",AT1309
pompilidae,Pompilidae,Spider wasp,Hymenoptera,Pompilidae,,,,http://en.wikipedia.org/wiki/Pompilidae_sp,2738684,,"BW,ZA",AT0709
potamonautes,Potamonautes,Potamonautes sp.,Decapoda,Potamonautidae,Potamonautes,,,http://en.wikipedia.org/wiki/Potamonautes_sp,4316441,,"BW,ZA",AT0709
pouzolziahypoleuca,Pouzolzia hypoleuca,Soap nettle,Rosales,Urticaceae,Pouzolzia,,cf. eol 61645 Pouzolzia,http://en.wikipedia.org/wiki/Pouzolzia_hypoleuca,,,"BW,NA,ZW",AT0709
priniaflavicans,Prinia flavicans,Black-chested prinia,Passeriformes,Cisticolidae,Prinia,,,http://en.wikipedia.org/wiki/Prinia_flavicans,916214,,"BW,NA",AT0709
priniasubflava,Prinia subflava,Tawny-flanked prinia,Passeriformes,Cisticolidae,Prinia,,,http://en.wikipedia.org/wiki/Prinia_subflava,916316,,"BW,ZA",AT0709
prionopsplumatus,Prionops plumatus,White helmet-shrike,Passeriformes,Malaconotidae,Prionops,,,http://en.wikipedia.org/wiki/Prionops_plumatus,1050980,,"BW,ZA",AT0709
prodotiscusregulus,Prodotiscus regulus,Sharp-billed honeyguide,Piciformes,Indicatoridae,Prodotiscus,,,http://en.wikipedia.org/wiki/Prodotiscus_regulus,1177463,,"BW,ZA",AT0709
pronolagusrandensis,Pronolagus randensis,Jameson's red rockhare,Lagomorpha,Leporidae,Pronolagus,,,http://en.wikipedia.org/wiki/Pronolagus_randensis,311973,,"BW,NA",AT0709
protelescristatus,Proteles cristatus,Aardwolf,Carnivora,Hyaenidae,Proteles,,,http://en.wikipedia.org/wiki/Proteles_cristatus,925982,,"BW,NA,ZA","AT0709,AT1309"
psammobatesoculiferus,Psammobates oculiferus,Serrated tortoise,Testudines,Testudinidae,Psammobates,,,http://en.wikipedia.org/wiki/Psammobates_oculiferus,962445,,"BW,NA,ZA",AT1309
psammophylaxtritaeniatus,Psammophylax tritaeniatus,Three-lined grass snake,Squamata,Colubridae,Psammophylax,,,http://en.wikipedia.org/wiki/Psammophylax_tritaeniatus,1055559,,"BW,NA",AT0709
pseudogaltoniaclavata,Pseudogaltonia clavata,Pseudogaltonia sp.,Asparagales,Asparagaceae,Pseudogaltonia,,,http://en.wikipedia.org/wiki/Pseudogaltonia_clavata,1083750,,"BW,NA,ZA",AT1309
psittacidae,Psittacidae,Parrot,Psittaciformes,Illiger,,,,http://en.wikipedia.org/wiki/Psittacidae_sp,1591,,"BW,ZA",AT0709
psophocichlalitsitsirupa,Psophocichla litsitsirupa,Groundscraper thrush,Passeriformes,Turdidae,Psophocichla,,,http://en.wikipedia.org/wiki/Psophocichla_litsitsirupa,1052834,,"BW,NA,ZA",AT1309
psychidae,Psychidae,"Bagworm moth, Bagworm, Bagmoth",Lepidoptera,Psychidae,,,,http://en.wikipedia.org/wiki/Psychidae_sp,889,,"BW,ZA",AT0709
ptenopusgarrulus,Ptenopus garrulus,Whistling gecko,Squamata,Gekkonidae,Ptenopus,,,http://en.wikipedia.org/wiki/Ptenopus_garrulus,1055500,,"BW,NA,ZA",AT1309
pterococcusafricanus,Pterococcus africanus,Pterococcus sp.,Malpighiales,Euphorbiaceae,Plukenetia,,,http://en.wikipedia.org/wiki/Pterococcus_africanus,1151867,,"BW,NA,ZA",AT1309
pulexirritans,Pulex irritans,Human flea,Siphonaptera,Pulicidae,Pulex,,,http://en.wikipedia.org/wiki/Pulex_irritans,704391,,,
pupalialappacea,Pupalia lappacea,Sweethearts,Caryophyllales,Amaranthaceae,Pupalia,,,http://en.wikipedia.org/wiki/Pupalia_lappacea,2900468,,"BW,NA,ZA",AT1309
pycnonotusbarbatus,Pycnonotus barbatus,Dark-capped bulbul,Passeriformes,Pycnonotidae,Pycnonotus,,,http://en.wikipedia.org/wiki/Pycnonotus_barbatus,919943,,"BW,ZA",AT0709
pycnonotusbrunneus,Pycnonotus brunneus,Red-eyed bulbul,Passeriformes,Pycnonotidae,Pycnonotus,,,http://en.wikipedia.org/wiki/Pycnonotus_brunneus,919949,,"BW,NA,ZA",AT1309
pythonsebae,Python sebae,African rock python,Squamata,Boidae,Python,,,http://en.wikipedia.org/wiki/Python_sebae,1055462,,"BW,ZA",AT0709
pyxicephalusadspersus,Pyxicephalus adspersus,South African burrowing frog,Anura,Pyxicephalidae,Pyxicephalus,,,http://en.wikipedia.org/wiki/Pyxicephalus_adspersus,330829,,"BW,NA,ZA",
queleaquelea,Quelea quelea,Red-billed quelea,Passeriformes,Ploceidae,Quelea,,,http://en.wikipedia.org/wiki/Quelea_quelea,918147,,"BW,ZA",AT0709
raphiceruscampestris,Raphicerus campestris,Steenbok,Artiodactyla,Bovidae,Raphicerus,,,http://en.wikipedia.org/wiki/Raphicerus_campestris,1038779,,"BW,MZ,NA,ZA,ZW",AT1309
raphionacmeburkei,Raphionacme burkei,Raphionacme sp.,Gentianales,Apocynaceae,Raphionacme,,,http://en.wikipedia.org/wiki/Raphionacme_burkei,5339728,,"BW,NA,ZA",AT1309
reduncaarundinum,Redunca arundinum,Southern reedbuck,Artiodactyla,Bovidae,Redunca,,,http://en.wikipedia.org/wiki/Redunca_arundinum,331082,,"BW,ZA",AT0709
reduviidae,Reduviidae,"Assassin bug, Thread-legged bug",Hemiptera,Reduviidae,,,,http://en.wikipedia.org/wiki/Reduviidae_sp,632,,"BW,NA,ZA",AT1309
rhabdomyspumilio,Rhabdomys pumilio,Four-striped grass mouse,Rodentia,Muridae,Rhabdomys,,,http://en.wikipedia.org/wiki/Rhabdomys_pumilio,1179410,,"BW,ZA",AT0709
rhigozumtrichotomum,Rhigozum trichotomum,Three thorn,Lamiales,Bignoniaceae,Rhigozum,,,http://en.wikipedia.org/wiki/Rhigozum_trichotomum,5641339,,NA,AT1309
rhinoptiluschalcopterus,Rhinoptilus chalcopterus,Bronze-winged courser,Charadriiformes,Glareolidae,Rhinoptilus,,,http://en.wikipedia.org/wiki/Rhinoptilus_chalcopterus,1049260,,"BW,NA",AT0709
rhoicissustridentata,Rhoicissus tridentata,Bushman's grape,Vitales,Vitaceae,Rhoicissus,,,http://en.wikipedia.org/wiki/Rhoicissus_tridentata,5539240,,"BW,ZA",AT0709
rhuspyroides,Rhus pyroides,Common currant-rhus,Sapindales,Anacardiaceae,Searsia,,"Check: ""Searsia pyroides"" in eol",http://en.wikipedia.org/wiki/Rhus_pyroides,5613772,,"BW,NA,ZA",AT0709
rhustenuinervis,Rhus tenuinervis,Commiphora rhus,Sapindales,Anacardiaceae,Rhus,,,http://en.wikipedia.org/wiki/Rhus_tenuinervis,23333992,,"BW,NA,ZA",AT1309
ricinuscommunis,Ricinus communis,Castor bean,Malpighiales,Euphorbiaceae,Ricinus,,,http://en.wikipedia.org/wiki/Ricinus_communis,1151096,,"BW,ZA",AT0709
sagittariusserpentarius,Sagittarius serpentarius,Secretary bird,Accipitriformes,Sagittariidae,Sagittarius,,,http://en.wikipedia.org/wiki/Sagittarius_serpentarius,1049539,,"BW,NA,ZA",AT1309
salviaruncinata,Salvia runcinata,Salvia sp.,Lamiales,Lamiaceae,Salvia,,,http://en.wikipedia.org/wiki/Salvia_runcinata,6343066,,"BW,NA",AT0709
sansevieriaaethiopica,Sansevieria aethiopica,Bowstring hemp,Asparagales,Asparagaceae,Sansevieria,,,http://en.wikipedia.org/wiki/Sansevieria_aethiopica,1082322,,"BW,NA,ZA",AT1309
sarcostemmaviminale,Sarcostemma viminale,Milk rope,Gentianales,Apocynaceae,Cynanchum,,,http://en.wikipedia.org/wiki/Sarcostemma_viminale,5330612,,"BW,ZA",AT0709
scadoxuspuniceus,Scadoxus puniceus,Snake lily,Asparagales,Amaryllidaceae,Scadoxus,,,http://en.wikipedia.org/wiki/Scadoxus_puniceus,1082230,,"BW,ZA",AT0709
scarabaeidae,Scarabaeidae,"Dung beetle, Scarab beetle",Coleoptera,Scarabaeidae,,,,http://en.wikipedia.org/wiki/Scarabaeidae_sp.,8134,,"BW,NA,ZA",AT1309
schmidtiakalihariensis,Schmidtia kalihariensis,Bushman grass,Poales,Poaceae,Schmidtia,,,http://en.wikipedia.org/wiki/Schmidtia_kalihariensis,5123888,,"BW,NA,ZA",AT1309
schmidtiapappophoroides,Schmidtia pappophoroides,Sand quick,Poales,Poaceae,Schmidtia,,,http://en.wikipedia.org/wiki/Schmidtia_pappophoroides,5123889,,"BW,NA,ZA,ZW",AT1309
schoenoplectusmuricinux,Schoenoplectus muricinux,Schoenoplectus sp.,Poales,Cyperaceae,Schoenoplectus,,,http://en.wikipedia.org/wiki/Schoenoplectus_muricinux,249654,,"BW,NA",AT0709
scillanervosa,Scilla nervosa,Wild squill,Asparagales,Asparagaceae,Schizocarphus,,,http://en.wikipedia.org/wiki/Scilla_nervosa,1082140,,"BW,NA,ZW",AT0709
scopusumbretta,Scopus umbretta,Hamerkop,Pelecaniformes,Scopidae,Scopus,,,http://en.wikipedia.org/wiki/Scopus_umbretta,1049601,,"BW,ZA",AT0709
scorpiones,Scorpiones,Scorpion,Scorpiones,,,,,http://en.wikipedia.org/wiki/Scorpiones_sp.,8542,,NA,AT1309
searsialancea,Searsia lancea,Karee,Sapindales,Anacardiaceae,Searsia,,,http://en.wikipedia.org/wiki/Searsia_lancea,582276,,"BW,ZA",AT0709
searsialeptodictya,Searsia leptodictya,Rock rhus,Sapindales,Anacardiaceae,Searsia,,,http://en.wikipedia.org/wiki/Searsia_leptodictya,5613766,,"BW,NA",AT0709
securidacalongipedunculata,Securidaca longipedunculata,Violet tree,Fabales,Polygalaceae,Securidaca,,,http://en.wikipedia.org/wiki/Securidaca_longipedunculata,5496033,,"BW,NA,ZA",AT1309
securinegavirosa,Securinega virosa,Common bushweed,Malpighiales,Phyllanthaceae,Flueggea,,,http://en.wikipedia.org/wiki/Securinega_virosa,1143516,,"BW,NA",AT0709
seneciolongiflorus,Senecio longiflorus,Sjambok bush,Asterales,Asteraceae,Kleinia,,,http://en.wikipedia.org/wiki/Senecio_longiflorus,6190106,,"BW,NA",AT0709
sennaitalica,Senna italica,Port Royal senna,Fabales,Fabaceae,Senna,,,http://en.wikipedia.org/wiki/Senna_italica,704197,,"BW,NA,ZA",AT1309
serinusalario,Serinus alario,Black-headed canary,Passeriformes,Fringillidae,Serinus,,,http://en.wikipedia.org/wiki/Serinus_alario,1050662,,"BW,NA,ZA","AT0709,AT1309"
sesamumtriphyllum,Sesamum triphyllum,"Wild sesame, Thunderbolt flower",Lamiales,Pedaliaceae,Sesamum,,,http://en.wikipedia.org/wiki/Sesamum_triphyllum,5658233,,NA,AT1309
sidachysantha,Sida chysantha,Sida sp.,Malvales,Malvaceae,Sida,,"cf. eol 49087 Sida ""Fanpetals"" ",http://en.wikipedia.org/wiki/Sida_chysantha,,,"BW,NA,ZA",AT1309
sitophilusgranarius,Sitophilus granarius,"Grain weevil, Wheat weevil",Coleoptera,Curculionidae,Sitophilus,,,http://en.wikipedia.org/wiki/Sitophilus_granarius,602722,,"BW,ZA",AT0709
sitophilus,Sitophilus,Granary weevil,Coleoptera,Curculionidae,Sitophilus,,,http://en.wikipedia.org/wiki/Sitophilus_sp,49977,,"BW,ZA",AT0709
solanumcoccineum,Solanum coccineum,Solanum sp.,Solanales,Solanaceae,Solanum,,,http://en.wikipedia.org/wiki/Solanum_coccineum,5695897,,"BW,NA,ZA",AT1309
solanumsupinum,Solanum supinum,Poison apple,Solanales,Solanaceae,Solanum,,,http://en.wikipedia.org/wiki/Solanum_supinum,5697060,,"BW,NA,ZA",AT1309
solifugae,Solifugae,"Sun spider, Camel spider, Wind scorpion",Solifugae,,,,,http://en.wikipedia.org/wiki/Solifugae_sp,8547,,"BW,ZA",AT0709
solpugidae,Solpugidae,Solpugidae sp.,Solifugae,Solpugidae,,,,http://en.wikipedia.org/wiki/Solpugidae_sp,8559,,"BW,NA,ZA",AT1309
spirostachysafricana,Spirostachys africana,Tamboti,Malpighiales,Euphorbiaceae,Spirostachys,,,http://en.wikipedia.org/wiki/Spirostachys_africana,1150097,,"BW,ZA",AT0709
sporopipessquamifrons,Sporopipes squamifrons,Scaly-feathered weaver,Passeriformes,Ploceidae,Sporopipes,,,http://en.wikipedia.org/wiki/Sporopipes_squamifrons,919608,,"BW,NA",AT0709
stenopelmatidae,Stenopelmatidae,"Jerusalem cricket, Sand cricket",Orthoptera,Stenopelmatidae,,,,http://en.wikipedia.org/wiki/Stenopelmatidae_sp.,978,,"BW,NA,ZA",AT1309
sternocera,Sternocera,Jewel beetle,Coleoptera,Buprestidae,Sternocera,,,http://en.wikipedia.org/wiki/Sternocera,2866209,,"BW,NA,ZA",AT1309
sternoceraorissa,Sternocera orissa,Jewel beetle,Coleoptera,Buprestidae,Sternocera,,,http://en.wikipedia.org/wiki/Sternocera_orissa,3222620,,"BW,NA,ZA",AT0709
streptopeliacapicola,Streptopelia capicola,Ring-necked dove,Columbiformes,Columbidae,Streptopelia,,,http://en.wikipedia.org/wiki/Streptopelia_capicola,1049719,,NA,AT1309
streptopeliasenegalensis,Streptopelia senegalensis,Laughing dove,Columbiformes,Columbidae,Streptopelia,,,http://en.wikipedia.org/wiki/Streptopelia_senegalensis,1049725,,"BW,NA,ZA,ZW",AT1309
struthiocamelus,Struthio camelus,Ostrich,Struthioniformes,Struthionidae,Struthio,,,http://en.wikipedia.org/wiki/Struthio_camelus,1178371,,NA,AT1309
strychnosmadagascariensis,Strychnos madagascariensis,Black monkey orange,Gentianales,Loganiaceae,Strychnos,,,http://en.wikipedia.org/wiki/Strychnos_madagascariensis,5344982,,"BW,NA",AT0709
strychnospungens,Strychnos pungens,Strychnos pungens,Gentianales,Loganiaceae,Strychnos,,,http://en.wikipedia.org/wiki/Strychnos_pungens,33553500,,"BW,ZA",AT0709
suricatasuricata,Suricata suricata,"Suricate, Meerkat",Carnivora,Herpestidae,Suricata,,,http://en.wikipedia.org/wiki/Suricata_suricata,29376144,,"BW,NA,ZA",AT1309
sylvicapragrimmia,Sylvicapra grimmia,Bush duiker,Artiodactyla,Bovidae,Sylvicapra,,,http://en.wikipedia.org/wiki/Sylvicapra_grimmia,328711,,"BW,ZA",AT0709
synceruscaffer,Syncerus caffer,Cape buffalo,Artiodactyla,Bovidae,Syncerus,,,http://en.wikipedia.org/wiki/Syncerus_caffer,328707,,"BW,NA,ZA","AT0709,AT1309"
tabanidae,Tabanidae,"Horse fly, Forest fly, Deer fly",Rickettsiales,Anaplasmataceae,Wolbachia,,,http://en.wikipedia.org/wiki/Tabanidae_sp,9018,,"BW,ZA",AT0709
taeniasolium,Taenia solium,Pork tapeworm,Cyclophyllidea,Taeniidae,Taenia,,,http://en.wikipedia.org/wiki/Taenia_solium,3247842,,"BW,ZA",AT0709
tagetesminuta,Tagetes minuta,Muster John Henry,Asterales,Asteraceae,Tagetes,,,http://en.wikipedia.org/wiki/Tagetes_minuta,503290,,"BW,NA",AT0709
talinumarnotii,Talinum arnotii,Kalahari butterweed,Caryophyllales,Talinaceae,Talinum,,,http://en.wikipedia.org/wiki/Talinum_arnotii,13365222,,"BW,NA,ZA,ZW",AT1309
talinumcrispatulum,Talinum crispatulum,Talinum sp.,Caryophyllales,Talinaceae,Talinum,,,http://en.wikipedia.org/wiki/Talinum_crispatulum,26583776,,NA,AT1309
tapinanthusnatalitius,Tapinanthus natalitius,Bird-lime,Santalales,Loranthaceae,Tapinanthus,,"Check, eol: ""Loranthus zeyheri"" (T.n. as synonym)",http://en.wikipedia.org/wiki/Tapinanths_natalitius,5095158,,"BW,NA",AT0709
tarchonanthuscamphoratus,Tarchonanthus camphoratus,Camphor bush,Asterales,Asteraceae,Tarchonanthus,,,http://en.wikipedia.org/wiki/Tarchonanthus_camphoratus,5126015,,"BW,NA",AT0709
taurotragusoryx,Taurotragus oryx,Eland,Artiodactyla,Bovidae,Taurotragus,,,http://en.wikipedia.org/wiki/Taurotragus_oryx,1038784,,"BW,MZ,NA,ZA,ZW",AT1309
tenarischlorantha,Tenaris chlorantha,Tenaris sp.,Gentianales,Apocynaceae,Tenaris,,"Check, eol: ""Brachystelma chloranthum""",http://en.wikipedia.org/wiki/Tenaris_chlorantha,29454069,,"BW,NA,ZA",AT1309
tenebrionidae,Tenebrionidae,"Darkling beetle, Darkening beetle",Coleoptera,Tenebrionidae,,,,http://en.wikipedia.org/wiki/Tenebrionidae_sp.,8624,,"BW,NA,ZA",AT1309
terathopiusecaudatus,Terathopius ecaudatus,Bateleur,Accipitriformes,Accipitridae,Terathopius,,,http://en.wikipedia.org/wiki/Terathopius_ecaudatus,1047573,,"BW,NA,ZA",AT1309
terminaliasericea,Terminalia sericea,Silver cluster-leaf,Myrtales,Combretaceae,Terminalia,"4 - 8 m tall, cream to pale yellow flowers, silvery-grey leaves",,http://en.wikipedia.org/wiki/Terminalia_sericea,5426112,carruthers2000[270];vanrooyen2001[36],"BW,NA",AT1309
tetradeniariparia,Tetradenia riparia,Ginger bush,Lamiales,Lamiaceae,Tetradenia,,,http://en.wikipedia.org/wiki/Tetradenia_riparia,5380777,,"BW,ZA",AT0709
tettigoniidae,Tettigoniidae,"Katydid, Bush cricket, Long-horned grasshopper",Orthoptera,Tettigoniidae,,,,http://en.wikipedia.org/wiki/Tettigoniidae_sp.,972,,"BW,NA,ZA",AT1309
thallomyspaedulcus,Thallomys paedulcus,Acacia rat,Rodentia,Muridae,Thallomys,,,http://en.wikipedia.org/wiki/Thallomys_paedulcus,1179443,,"BW,MZ,NA,ZA,ZW",AT1309
themedatriandra,Themeda triandra,Kangaroo grass,Poales,Poaceae,Themeda,,,http://en.wikipedia.org/wiki/Themeda_triandra,1115209,,"BW,ZA",AT0709
thryonomysswinderianus,Thryonomys swinderianus,Marsh cane rat,Rodentia,Thryonomyidae,Thryonomys,,,http://en.wikipedia.org/wiki/Thryonomys_swinderianus,326380,,"BW,NA",AT0709
tockuserythrorhynchus,Tockus erythrorhynchus,Red-billed hornbill,Bucerotiformes,Bucerotidae,Tockus,,,http://en.wikipedia.org/wiki/Tockus_erythrorhynchus,914498,,"BW,ZA",AT0709
tockusflavirostris,Tockus flavirostris,Eastern yellow-billed hornbill,Bucerotiformes,Bucerotidae,Tockus,,,http://en.wikipedia.org/wiki/Tockus_flavirostris,914499,,"BW,ZA",AT0709
tockusleucomelas,Tockus leucomelas,Southern yellow-billed hornbill,Bucerotiformes,Bucerotidae,Tockus,,,http://en.wikipedia.org/wiki/Tockus_leucomelas,914500,,"BW,NA,ZA,ZW",AT1309
tockusnasutus,Tockus nasutus,African grey hornbill,Bucerotiformes,Bucerotidae,Tockus,,,http://en.wikipedia.org/wiki/Tockus_nasutus,1048404,,"BW,NA,ZA",AT1309
trachylepiscapensis,Trachylepis capensis,Cape three-lined skink,Squamata,Scincidae,Trachylepis,,,http://en.wikipedia.org/wiki/Trachylepis_capensis,962983,,"BW,ZA",AT0709
trachylepisspilogaster,Trachylepis spilogaster,Spiny mabuya,Squamata,Scincidae,Trachylepis,,,http://en.wikipedia.org/wiki/Trachylepis_spilogaster,791532,,"BW,NA,ZA",AT1309
trachylepisstriata,Trachylepis striata,African striped mabuya,Squamata,Scincidae,Trachylepis,,,http://en.wikipedia.org/wiki/Trachylepis_striata,791525,,"BW,ZA",AT0709
trachyphonusvaillantii,Trachyphonus vaillantii,Levaillant's barbet,Piciformes,Ramphastidae,Trachyphonus,,,http://en.wikipedia.org/wiki/Trachyphonus_vaillantii,1177734,,"BW,ZA",AT0709
tragelaphusangasii,Tragelaphus angasii,Nyala,Artiodactyla,Bovidae,Tragelaphus,,,http://en.wikipedia.org/wiki/Tragelaphus_angasii,1038786,,"MZ,ZA,ZW",AT0725
tragelaphusscriptus,Tragelaphus scriptus,Bushbuck,Artiodactyla,Bovidae,Tragelaphus,,,http://en.wikipedia.org/wiki/Tragelaphus_scriptus,1038790,,"BW,ZA",AT0709
tragelaphusstrepsiceros,Tragelaphus strepsiceros,Greater kudu,Artiodactyla,Bovidae,Tragelaphus,,,http://en.wikipedia.org/wiki/Tragelaphus_strepsiceros,1038792,,"BW,MZ,NA,ZA,ZW",AT1309
tragiarupestris,Tragia rupestris,Tragia sp.,Malpighiales,Euphorbiaceae,Tragia,,,http://en.wikipedia.org/wiki/Tragia_rupestris,1149703,,"BW,NA",AT0709
tribulusterrestris,Tribulus terrestris,Goathead,Zygophyllales,Zygophyllaceae,Tribulus,,,http://en.wikipedia.org/wiki/Tribulus_terrestris,581147,,"BW,NA,ZA",AT1309
tribuluszeyheri,Tribulus zeyheri,Large-flowered devil-thorn,Zygophyllales,Zygophyllaceae,Tribulus,,,http://en.wikipedia.org/wiki/Tribulus_zeyheri,5633341,,NA,AT1309
trichophytonschoenleinii,Trichophyton schoenleinii,Trichophyton sp.,Onygenales,Arthrodermataceae,Trichophyton,,,http://en.wikipedia.org/wiki/Trichophyton_schoenleinii,189298,,"BW,NA",AT1309
triumfettarhomboidea,Triumfetta rhomboidea,Diamond burbark,Malvales,Malvaceae,Triumfetta,,,http://en.wikipedia.org/wiki/Triumfetta_rhomboidea,584830,,"BW,ZA",AT0709
tulostomalacticeps,Tulostoma lacticeps,Puff ball,Agaricales,Agaricaceae,Tulostoma,,,http://en.wikipedia.org/wiki/Tulostoma_lacticeps,6686689,,"BW,NA,ZA",AT1309
turbinaoblongata,Turbina oblongata,Turbina sp.,Solanales,Convolvulaceae,Turbina,,,http://en.wikipedia.org/wiki/Turbina_oblongata,5685829,,"BW,ZA",AT0709
turdoidesbicolor,Turdoides bicolor,Southern pied-babbler,Passeriformes,Sylviidae,Turdoides,,,http://en.wikipedia.org/wiki/Turdoides_bicolor,1052411,,"BW,NA,ZA,ZW",AT1309
turdoidesjardineii,Turdoides jardineii,Arrow-marked babbler,Passeriformes,Sylviidae,Turdoides,,,http://en.wikipedia.org/wiki/Turdoides_jardineii,1052420,,"BW,ZA",AT0709
turduslitsipsirupa,Turdus litsipsirupa,Groundscraper thrush,Passeriformes,Turdidae,Psophocichla,,,http://en.wikipedia.org/wiki/Turdus_litsipsirupa,1052834,,"BW,NA",AT0709
turnixsylvatica,Turnix sylvatica,Small buttonquail,Charadriiformes,Turnicidae,Turnix,,,http://en.wikipedia.org/wiki/Turnix_sylvatica,900373,,"BW,ZA",AT0709
tylosemaesculentum,Tylosema esculentum,Gemsbuck bean,Fabales,Fabaceae,Tylosema,,,http://en.wikipedia.org/wiki/Tylosema_esculentum,638925,,"BW,NA,ZA",AT1309
typhacapensis,Typha capensis,Bulrush,Poales,Typhaceae,Typha,,,http://en.wikipedia.org/wiki/Typha_capensis,526499,,"BW,ZA",AT0709
tytoalba,Tyto alba,Barn owl,Strigiformes,Tytonidae,Tyto,,,http://en.wikipedia.org/wiki/Tyto_alba,914939,,"BW,NA,ZA",AT1309
tytocapensis,Tyto capensis,African grass-owl,Strigiformes,Tytonidae,Tyto,,,http://en.wikipedia.org/wiki/Tyto_capensis,1178360,,"BW,ZA",AT0709
upupaepops,Upupa epops,Hoopoe,Upupiformes,Upupidae,Upupa,,,http://en.wikipedia.org/wiki/Upupa_epops,917145,,"BW,NA,ZA",AT1309
uraeginthusgranatinus,Uraeginthus granatinus,Violet-eared waxbill,Passeriformes,Estrildidae,Uraeginthus,,,http://en.wikipedia.org/wiki/Uraeginthus_granatinus,1050433,,"BW,NA,ZA",AT1309
vanelluscoronatus,Vanellus coronatus,Crowned lapwing,Charadriiformes,Charadriidae,Vanellus,,,http://en.wikipedia.org/wiki/Vanellus_coronatus,1049064,,"BW,NA,ZA",AT1309
vangueiriainfausta,Vangueiria infausta,African medlar,Gentianales,Rubiaceae,Vangueria,,Check! Delete?,http://en.wikipedia.org/wiki/Vangueiria_infausta,1097014,,"BW,ZA",AT0709
vangueriainfausta,Vangueria infausta,"Velvet wild medlar, African medlar",Gentianales,Rubiaceae,Vangueria,,,http://en.wikipedia.org/wiki/Vangueria_infausta,1097014,,"BW,ZA",AT0709
varanusalbigularis,Varanus albigularis,White-throated monitor lizard,Squamata,Varanidae,Varanus,,,http://en.wikipedia.org/wiki/Varanus_albigularis,1055080,,NA,AT1309
varanusexanthematicus,Varanus exanthematicus,Savannah monitor,Squamata,Varanidae,Varanus,,,http://en.wikipedia.org/wiki/Varanus_exanthematicus,790191,,"BW,ZA",AT0709
varanusniloticus,Varanus niloticus,Nile monitor,Squamata,Varanidae,Varanus,,,http://en.wikipedia.org/wiki/Varanus_niloticus,790177,,"BW,MZ,NA,ZA,ZW","AT0709,AT1309"
vespidae,Vespidae,Paper wasps,Hymenoptera,Vespidae,,,,http://en.wikipedia.org/wiki/Vespidae_sp.,5242,,"BW,NA,ZA","AT0709,AT1309"
viduamacroura,Vidua macroura,Pin-tailed whydah,Passeriformes,Viduidae,Vidua,,,http://en.wikipedia.org/wiki/Vidua_macroura,922074,,"BW,NA,ZA",AT1309
viduaparadisaea,Vidua paradisaea,Paradise whydah,Passeriformes,Viduidae,Vidua,,,http://en.wikipedia.org/wiki/Vidua_paradisaea,922203,,"BW,ZA",AT0709
viduaregia,Vidua regia,Queen whydah,Passeriformes,Viduidae,Vidua,,,http://en.wikipedia.org/wiki/Vidua_regia,922220,,"BW,NA,ZA,ZW",AT1309
vignatriloba,Vigna triloba,Vigna sp.,Fabales,Fabaceae,Vigna,,,http://en.wikipedia.org/wiki/Vigna_triloba,41753801,,"BW,NA,ZA,ZW",AT1309
vitexzeyheri,Vitex zeyheri,Vitex sp.,Lamiales,Lamiaceae,Vitex,,,http://en.wikipedia.org/wiki/Vitex_zeyheri,5388619,,"BW,NA,ZA",AT0709
vulpeschama,Vulpes chama,Cape fox,Carnivora,Canidae,Vulpes,,,http://en.wikipedia.org/wiki/Vulpes_chama,327996,,"BW,NA,ZA","AT0709,AT1309"
wallerianutans,Walleria nutans,Walleria sp.,Asparagales,Tecophilaeaceae,Walleria,,,http://en.wikipedia.org/wiki/Walleria_nutans,1083489,,"BW,NA,ZA",AT1309
xanthiumspinosum,Xanthium spinosum,Spiny cockleburr,Asterales,Asteraceae,Xanthium,,,http://en.wikipedia.org/wiki/Xanthium_spinosum,483030,,"BW,ZA",AT0709
xerusinauris,Xerus inauris,Cape ground squirrel,Rodentia,Sciuridae,Xerus,,,http://en.wikipedia.org/wiki/Xerus_inauris,1178595,,"BW,NA,ZA",AT1309
ximeniaamericana,Ximenia americana,Hog plum,Santalales,Ximeniaceae,Ximenia,,,http://en.wikipedia.org/wiki/Ximenia_americana,582703,,"BW,ZA",AT0709
ximeniacaffra,Ximenia caffra,Sourplum,Santalales,Ximeniaceae,Ximenia,,,http://en.wikipedia.org/wiki/Ximenia_caffra,5608619,,"BW,NA,ZA",AT0709
xylocopidae,Xylocopidae,Carpenter bee,Hymenoptera,Anthophoridae,Xylocopa,,Check!,http://en.wikipedia.org/wiki/Xylocopidae_sp,17884242,,"BW,ZA",AT0709
ziziphusmucronata,Ziziphus mucronata,Buffalo-thorn,Rosales,Rhamnaceae,Ziziphus,"2 - 5 m tall, yellowish-green flowers, greyish-brown bark, thorns in pairs",,http://en.wikipedia.org/wiki/Ziziphus_mucronata,5535523,carruthers2000[263];vanrooyen2001[34],"BW,NA,ZA",AT1309
ziziphuszeyherana,Ziziphus zeyherana,Ziziphus sp.,Rosales,Rhamnaceae,Ziziphus,,check!,http://en.wikipedia.org/wiki/Ziziphus_zeyherana,,,"BW,NA,ZA",AT0709
