id,taxa__id,tags,mime_type,src,creator,date,place,gps,permission,source,source_url,comments
e835f073f976c47ea5a7e74523c6116f,aquilarapax,general;front;thumbnail1,image/jpeg,,Brian Ralphs,2009-03-18,"Kgalagadi Transfrontier Park, South Africa",,http://creativecommons.org/licenses/by/2.0/deed.en,http://commons.wikimedia.org/wiki/File:2009-03-18_Kalahara_Grootkolk_081.jpg,http://upload.wikimedia.org/wikipedia/commons/3/38/2009-03-18_Kalahara_Grootkolk_081.jpg,title 'Tawny Eagle Aquila rapax'
0d63288ab8f2e59ddf68abff6a0c2b16,aquilarapax,general;flying;thumbnail2,image/jpeg,,Lip Kee,2008-08-29,"Masai Mara, Kenya",-2.008 34.716,https://creativecommons.org/licenses/by-sa/2.0/,https://www.flickr.com/photos/lipkee/2833058186/sizes/o/,https://farm4.staticflickr.com/3019/2833058186_e7eb2d28ed_o.jpg,title 'Tawny Eagle (Aquila rapax)'
f980a8dd393a4e7d2ccdf7bf79adec46,bufogutturalis,general;back;thumbnail1,image/jpeg,,Damien Boilley,2005-12-27,"Mafate, Reunion Island",,https://creativecommons.org/licenses/by/2.0/,https://www.flickr.com/photos/damouns/78968973/sizes/o/,https://farm1.staticflickr.com/39/78968973_f30ad8c62d_o.jpg,title 'Bufo gutturalis'
5cc7c774b1b14917aa57a055f4e042d2,bufogutturalis,general;side;thumbnail2,image/jpeg,,Jean-Jacques ARGOUD,2004-07-21,"St Paul, Reunion Island",,http://creativecommons.org/licenses/by-sa/3.0/deed.en,http://commons.wikimedia.org/wiki/File:Bufo_guturalis_StPaul.jpg,http://upload.wikimedia.org/wikipedia/commons/3/39/Bufo_guturalis_StPaul.jpg,title 'South African toad'
87864e0cd38eafef7176c0fee96b6e03,aepycerosmelampusmelampus,general;pair;,image/jpeg,,Christopher T Cooper,2011-12-17,"Taita Hills Wildlife Sanctuary, Kenya",-3.569555 38.212417,http://creativecommons.org/licenses/by/3.0,"http://commons.wikimedia.org/wiki/File:Aepyceros_melampus_melampus_pair_within_shade_south_of_the_Salt_Lick_Game_Lodge_in_the_Taita_Hills_Wildlife_Sanctuary,_Kenya_2.jpg",http://upload.wikimedia.org/wikipedia/commons/b/b9/Aepyceros_melampus_melampus_pair_within_shade_south_of_the_Salt_Lick_Game_Lodge_in_the_Taita_Hills_Wildlife_Sanctuary%2C_Kenya_2.jpg,"title Aepyceros melampus melampus (common impala) group, within the shade created by Acacia xanthophloea (fever trees), south of the Salt Lick Game Lodge, near the eastern boundary of the LUMO Community Wildlife Sanctuary, in the Taita Hills Wildlife Sanctuary, Kenya. This herd consists of two males (rams), one mature and one young, and many females (ewes)"
ade0585993bd76225cc8d3896a1d9105,aepycerosmelampuspetersi,general;thumbnail1,image/jpeg,,Hans Hillewaert,2007-06-29,"Etosha National Park, Namibia",-19.214861 16.174914,http://creativecommons.org/licenses/by-sa/4.0,http://commons.wikimedia.org/wiki/File:Aepyceros_melampus_petersi_1.jpg,http://upload.wikimedia.org/wikipedia/commons/e/e0/Aepyceros_melampus_petersi_1.jpg,title A male Black-faced Impala between Olifantsbad and Aus
0265c8acaaf64ff8ff0a19879a9f9e5e,aepycerosmelampuspetersi,general;female;young;thumbnail2,image/jpeg,,Yathin S Krishnappa,2014-02-13,Etosha,,http://creativecommons.org/licenses/by-sa/3.0,http://commons.wikimedia.org/wiki/File:Aepyceros_melampus_petersi_-_Etosha_2014.jpg,http://upload.wikimedia.org/wikipedia/commons/d/d4/Aepyceros_melampus_petersi_-_Etosha_2014.jpg,title Female black-faced impala and offspring
16a4cfe484700decacd3a238cdaa7cf2,alcelaphusbuselaphus,general;back;thumbnail1,image/jpeg,,Hans Hillewaert,2007-06-29,"Etosha National Park, Namibia",-19.216961 16.174706,http://creativecommons.org/licenses/by-sa/4.0,http://commons.wikimedia.org/wiki/File:Alcelaphus_caama.jpg,http://upload.wikimedia.org/wikipedia/commons/1/1d/Alcelaphus_caama.jpg,title Red Hartebeest in Namibia
c488719fefefcdc4c66da062b802b7fc,caprahircus,general;thumbnail1,image/jpeg,,Simon J. Tonge,2013-02-15,"Berlin Tierpark, Germany",,http://creativecommons.org/licenses/by/3.0/,http://media.eol.org/data_objects/23310336,http://media.eol.org/content/2013/06/28/15/15925_orig.jpg,
d959efd51b2289658e6bc4a26f2bad1b,caprahircus,general;group;thumbnail2,image/jpeg,,High Contrast,,Morocco,,http://creativecommons.org/licenses/by/3.0/,http://media.eol.org/data_objects/25652507,http://media.eol.org/content/2014/05/02/09/50266_orig.jpg,<b>German:</b> Ziegen auf einem Baum in Marokko. <b>English:</b> Goats in a tree in Morocco.
e82ebc2b3ab387580ff2d21bb16e8036,cephalophusnatalensis,general;thumbnail1,image/png,,Nachbarnebenan,2009-04-09,Leipzig,,http://en.wikipedia.org/wiki/Public_domain,http://commons.wikimedia.org/wiki/File:Rotducker_im_Okapi-Wald_-_Zoo_Leipzig.png,http://upload.wikimedia.org/wikipedia/commons/7/73/Rotducker_im_Okapi-Wald_-_Zoo_Leipzig.png,
33402ebb5d29e04f31a54eef6b80e0d2,kobusleche,general;male;thumbnail1,image/jpeg,,Reinhard Kraasch,2009-11-01,"Moremi Game Reserve, Botswana",,http://en.wikipedia.org/wiki/Public_domain,http://commons.wikimedia.org/wiki/File:Kobus_leche_5179.jpg,http://upload.wikimedia.org/wikipedia/commons/3/33/Kobus_leche_5179.jpg,
46fea56b9787e5ed346993846c5acb44,kobusleche,general;group;thumbnail2,image/jpeg,,Ian Restall,2007-12-12,Okawango,,http://en.wikipedia.org/wiki/Public_domain,http://commons.wikimedia.org/wiki/File:Red_Lechwe_in_the_Okavango.jpg,http://upload.wikimedia.org/wikipedia/commons/c/cb/Red_Lechwe_in_the_Okavango.jpg,
e5b6e42a0b4aa05565f4212fccb1becc,kobusvardonii,general;thumbnail1,image/jpeg,,Simon J. Tonge,2013-01-03,"Chobe National Park, Botswana",,http://creativecommons.org/licenses/by/3.0/,http://media.eol.org/data_objects/23049910,http://media.eol.org/content/2013/06/17/17/54173_orig.jpg,Male
817772ccf0cc3331f65e24e2506b3c50,kobusvardonii,head;male;thumbnail2,image/jpeg,,Hans Hillewaert,2012-08-05,Luangwa National Park,-13.102908 31.783169,http://creativecommons.org/licenses/by-sa/4.0,http://commons.wikimedia.org/wiki/File:Kobus_vardonii_(male_portrait).jpg,http://upload.wikimedia.org/wikipedia/commons/c/ce/Kobus_vardonii_%28male_portrait%29.jpg,
718d7af26e0f7d2452b48bacd759e219,madoquakirkii,general;thumbnail1,image/jpeg,,Amrum,2004-09-20,"Etosha National Park, Namibia",,http://creativecommons.org/licenses/by-sa/2.5,http://commons.wikimedia.org/wiki/File:Damara_Dik-Dik.JPG,http://upload.wikimedia.org/wikipedia/commons/7/75/Damara_Dik-Dik.JPG,
ac36cea399142d13aa3d6fe25997f8ce,neotragusmoschatus,general;thumbnail1,image/jpeg,,Olivier Lejade,2008-08-30,"Mnemba, Zanzibar",,http://creativecommons.org/licenses/by-sa/2.0,http://commons.wikimedia.org/wiki/File:Suni_1.jpg,http://upload.wikimedia.org/wikipedia/commons/7/7c/Suni_1.jpg,"Suni in Mnemba, Zanzibar"
f195bc51122b4360a30388262151e725,neotragusmoschatus,general;drawing;thumbnail2,image/png,,Philip Sclater,1894-01-01,unknown,,http://en.wikipedia.org/wiki/Public_domain,http://commons.wikimedia.org/wiki/File:The_book_of_antelopes_(1894)_Nesotragus_moschatus.png,http://upload.wikimedia.org/wikipedia/commons/0/03/The_book_of_antelopes_%281894%29_Nesotragus_moschatus.png,The book of antelopes (1894) Nesotragus moschatus
bd6f774117868952f79605b116f9bd04,oryxgazella,general;thumbnail1,image/jpeg,,Hans Hillewaert,2007-06-30,"Etosha National Park, Namibia",-18.858669 16.924931,http://creativecommons.org/licenses/by-sa/4.0,http://commons.wikimedia.org/wiki/File:Oryx_gazella_(Chudop).jpg,http://upload.wikimedia.org/wikipedia/commons/e/ec/Oryx_gazella_%28Chudop%29.jpg,
c676a547254762b276771a19bdd04f72,ourebiaourebi,general;pair;,image/jpeg,,Roland Hunziker,2006-03-23,Niger,,http://creativecommons.org/licenses/by-sa/2.0,http://commons.wikimedia.org/wiki/File:Gazelles_grass_park_w_niger_2006.jpg,http://upload.wikimedia.org/wikipedia/commons/6/67/Gazelles_grass_park_w_niger_2006.jpg,
3aa370cb7eedae34ab83dc9b21a5aa32,philantombamonticola,general;thumbnail1,image/jpeg,,Derek Keats,2009-12-20,unknown,,http://creativecommons.org/licenses/by-sa/2.0,http://commons.wikimedia.org/wiki/File:Cephalophus_monticola.jpg,http://upload.wikimedia.org/wikipedia/commons/e/ee/Cephalophus_monticola.jpg,
22207cd17d1025178770c161bbf8b159,philantombamonticola,front,image/jpeg,,Jean,2008-07-01,unknown,,http://creativecommons.org/licenses/by/2.0,https://www.flickr.com/photos/7326810@N08/2701684335/sizes/o/,https://farm4.staticflickr.com/3229/2701684335_7a5d9b2c96_o.jpg,title 'Blue Duiker'
0ad54d1a5ed149301803fc773a74e2c6,raphicerusmelanotis,general;drawing;thumbnail1,image/png,,Philip Sclater,1894-01-01,unknown,,http://en.wikipedia.org/wiki/Public_domain,http://commons.wikimedia.org/wiki/File:The_book_of_antelopes_(1894)_Raphiceros_melanotis.png,http://upload.wikimedia.org/wikipedia/commons/5/56/The_book_of_antelopes_%281894%29_Raphiceros_melanotis.png,
a7cebf3a283a1d5fe1a8deb177bc33d4,raphicerusmelanotis,general;thumbnail2,image/jpeg,,Jimfbleak,2007-05-26,"De Hoop, South Africa",,http://creativecommons.org/licenses/by-sa/3.0/,http://commons.wikimedia.org/wiki/File:Southafrica-capegrysbok.jpg,http://upload.wikimedia.org/wikipedia/commons/6/6f/Southafrica-capegrysbok.jpg,"reuploading my image from De Hoop, SA, Feb 2007 under correct species name"
1df52e1ec1fb400541eb99eefa2cff7c,reduncafulvorufula,general;thumbnail1,image/jpeg,,unknown,2007-08-19,unknown,,http://creativecommons.org/licenses/by-sa/3.0,http://commons.wikimedia.org/wiki/File:Bergriedbock_2007-08-16_201.jpg,http://upload.wikimedia.org/wikipedia/commons/2/2f/Bergriedbock_2007-08-16_201.jpg,
de1712f161ba4f4fc0b8c6e180202a6e,sigmoceroslichtensteinii,general;drawing;thumbnail1,image/png,,Philip Sclater,1894-01-01,unknown,,http://en.wikipedia.org/wiki/Public_domain,http://commons.wikimedia.org/wiki/File:The_book_of_antelopes_(1894)_Bubalis_lichtensteini.png,http://upload.wikimedia.org/wikipedia/commons/b/bb/The_book_of_antelopes_%281894%29_Bubalis_lichtensteini.png,
60c67458a5c04349b5bfece1e26af5f1,sigmoceroslichtensteinii,general;back;thumbnail2,image/jpeg,,Paul Maritz,2003,Zambia,,http://creativecommons.org/licenses/by-sa/3.0/deed.en,http://commons.wikimedia.org/wiki/File:Lichtenstein's_Hartebeest.jpg,http://upload.wikimedia.org/wikipedia/commons/c/c6/Lichtenstein%27s_Hartebeest.jpg,
ec5fdcfc93861ebcd66cc53a1ebd4764,tragelaphusspekeii,general;female;thumbnail1,image/jpeg,,Radomil,2005-06-18,unknown,,http://creativecommons.org/licenses/by-sa/3.0/,http://commons.wikimedia.org/wiki/File:Sitatunga_Tragelaphus_spekei_gratus_RB2.jpg,http://upload.wikimedia.org/wikipedia/commons/7/7e/Sitatunga_Tragelaphus_spekei_gratus_RB2.jpg,
244a334ccd626127abea17a178f39cf1,tragelaphusspekeii,general;front;male;thumbnail1,image/jpeg,,Karel Jakubec,2008-04-01,"Praha, Czech Republic",,http://en.wikipedia.org/wiki/Public_domain,http://commons.wikimedia.org/wiki/File:Sitatunga_2.jpg,http://upload.wikimedia.org/wikipedia/commons/4/45/Sitatunga_2.jpg,
7d62a8aa3cde4eaeba767a633b3144a0,phacochoerusafricanus,general;pair;thumbnail2,image/jpeg,,Delphine Bruyere,2007-02-04,"Backadadji, Senegal",13.651658 -16.492539,http://creativecommons.org/licenses/by-sa/3.0,http://commons.wikimedia.org/wiki/File:2007-02-04_Phacocheres_D_Bruyere.JPG,http://upload.wikimedia.org/wikipedia/commons/2/2b/2007-02-04_Phacocheres_D_Bruyere.JPG,
356e795d088e88b7dd507ee12ba4baee,potamochoeruslarvatus,general;front,image/jpeg,,Colin M.L. Burnett,2007-05-29,"San Diego, USA",,http://creativecommons.org/licenses/by-sa/3.0/,http://commons.wikimedia.org/wiki/File:Southern_Bush_Pig.jpg,http://upload.wikimedia.org/wikipedia/commons/4/40/Southern_Bush_Pig.jpg,Southern Bush Pig (Potamochoerus larvatus koirpotamu
22d655808ffa8fc4ba847b478deb7e8a,canisadustus,general;thumbnail1,image/jpeg,,Thomas A. Hermann,2002-06-01,"Kruger National Park, South Africa",,http://en.wikipedia.org/wiki/Public_domain,http://commons.wikimedia.org/wiki/File:Side-striped_Jackal.jpg,http://upload.wikimedia.org/wikipedia/commons/c/cc/Side-striped_Jackal.jpg,
1b05e99b702131e0715aec8bd9b43eb9,galerellaflavescens,general;front;thumbnail1,image/jpeg,,Hans Hillewaert,2007-06-28,"Etosha National Park, Namibia",-19.181172 15.917236,http://creativecommons.org/licenses/by-sa/3.0,http://commons.wikimedia.org/wiki/File:Galerella_flavescens.jpg,http://upload.wikimedia.org/wikipedia/commons/a/a8/Galerella_flavescens.jpg,
358a83293a86c3bb77639997b0cd06ba,galerellapulverulenta,general;thumbnail1,image/jpeg,,JonRichfield,2012-03-12,unknown,,http://creativecommons.org/licenses/by-sa/3.0,http://commons.wikimedia.org/wiki/File:Herpestidae_Galerella_pulverulenta_Small_Grey_Mongoose_sitting_erect.jpg,http://upload.wikimedia.org/wikipedia/commons/6/62/Herpestidae_Galerella_pulverulenta_Small_Grey_Mongoose_sitting_erect.jpg,
a89872f219d3fceef31dad27a9462011,herpestesichneumon,head;thumbnail2,image/jpeg,,מינוזיג,2015-01-23,"Ashkelon National Park, Israel",,http://creativecommons.org/licenses/by-sa/4.0,http://commons.wikimedia.org/wiki/File:Herpestes_ichneumon_head_2.jpg,http://upload.wikimedia.org/wikipedia/commons/3/3d/Herpestes_ichneumon_head_2.jpg,
5e81a5ff1188d92cc3710da1a40ce51e,hydrictismaculicollis,general;thumbnail1,image/jpeg,,Derek Keats,2009-07-12,unknown,,http://creativecommons.org/licenses/by/2.0/,https://www.flickr.com/photos/dkeats/5258796686/sizes/o/,https://farm6.staticflickr.com/5089/5258796686_813cf389d4_o.jpg,"title 'Spotted necked otter  (Hydrictis maculicollis), or speckle-throated otter'"
c804b5dfa3d88c5b1137d0053bfe46d9,hydrictismaculicollis,general;pair;thumbnail2,image/jpeg,,Rennett Stowe,2009-12-28,unknown,,http://creativecommons.org/licenses/by/2.0/deed.en,http://commons.wikimedia.org/wiki/File:African_Spot-necked_Otter_(4257217178).jpg,http://upload.wikimedia.org/wikipedia/commons/2/27/African_Spot-necked_Otter_%284257217178%29.jpg,
b8a1a36c479fdf021318e3ff6edd10ce,civettictiscivetta,head;thumbnail2,image/jpeg,,unknown,2003-12-14,unknown,,http://en.wikipedia.org/wiki/Public_domain,http://commons.wikimedia.org/wiki/File:African_civet.jpg,http://upload.wikimedia.org/wikipedia/commons/b/bf/African_civet.jpg,
8f7b6d0da402c77795e1fb6dc0d19b82,rhinoptiluschalcopterus,general;drawing;thumbnail1,image/jpeg,,Nicolas Huet,1838-01-01,unknown,,http://en.wikipedia.org/wiki/Public_domain,http://commons.wikimedia.org/wiki/File:Rhinoptilus_chalcopterus_1838.jpg,http://upload.wikimedia.org/wikipedia/commons/4/43/Rhinoptilus_chalcopterus_1838.jpg,
a1b516c5a92077e43ce33b0d52cc3766,taphozousmauritianus,front;head;thumbnail2,image/jpeg,,Mimi Neumann,2007-03-03,"Johannesburg, South Africa",,http://creativecommons.org/licenses/by-sa/3.0/deed.en,http://commons.wikimedia.org/wiki/File:Mauritian_Tomb_Bat_South_Africa.jpg,http://upload.wikimedia.org/wikipedia/commons/3/3f/Mauritian_Tomb_Bat_South_Africa.jpg,
2c7d1565598ab094793c9a3c257e3c1e,chaerephonpumilus,general;drawing;thumbnail1,image/png,,Eduard Rüppell,1826,unknown,,http://en.wikipedia.org/wiki/Public_domain,http://commons.wikimedia.org/wiki/File:Tadarida_pumila.png,http://upload.wikimedia.org/wikipedia/commons/c/c0/Tadarida_pumila.png,
73d056e17cdbc8cbe1bbd772fd82f190,tadaridaaegyptiaca,general;drawing;thumbnail1,image/png,,unknown,1826-01-01,Egypt,,http://en.wikipedia.org/wiki/Public_domain,http://commons.wikimedia.org/wiki/File:Tadarida_aegyptiaca.png,http://upload.wikimedia.org/wikipedia/commons/1/17/Tadarida_aegyptiaca.png,
0e334015433404e18aef6d7d1b3ef2bc,epomophorusgambianus,head,image/png,,George Edward Dobson,1878-01-01,unknown,,http://en.wikipedia.org/wiki/Public_domain,http://commons.wikimedia.org/wiki/File:Epomophorus_gambianus_2.png,http://upload.wikimedia.org/wikipedia/commons/2/28/Epomophorus_gambianus_2.png,
88c84e819a880a56fb17584eed6a5a56,epomophorusgambianus,general:thumbnail1,image/jpeg,,STUART_BURNS1,2013-05-31,Gambia,"-16.501465, 13.304103",http://creativecommons.org/licenses/by/3.0/,http://media.eol.org/data_objects/24839800,http://media.eol.org/content/2013/06/08/02/17044_orig.jpg,Bats in the Gambia
52cc05d20dd79f6d2381bf17944af210,epomophoruswahlbergi,general;thumbnail1,image/jpeg,,"Susan Ellis, Bugwoord.org",2011-08-31,"Limpopo river, South Africa",,http://creativecommons.org/licenses/by/3.0/us/deed.en,http://commons.wikimedia.org/wiki/File:Epomophorus_wahlbergi1.jpg,http://upload.wikimedia.org/wikipedia/commons/b/b1/Epomophorus_wahlbergi1.jpg,
38fef672d41f81aa72a807ce3b0119d6,rousettusaegyptiacus,general;flying;eating;thumbnail1,image/jpeg,,Artemy Voikhansky,2013-05-27,unknown,,http://creativecommons.org/licenses/by-sa/3.0/,http://commons.wikimedia.org/wiki/File:Rousettus_aegyptiacus.jpg,http://upload.wikimedia.org/wikipedia/commons/7/73/Rousettus_aegyptiacus.jpg,
de804fe68321510df9b7c48a76aa029a,rousettusaegyptiacus,general;group;thumbnail2,image/jpeg,,Diana Lili M,2007-04-06,unknown,47.518432 19.0766,http://creativecommons.org/licenses/by/2.0,http://commons.wikimedia.org/wiki/File:Egyptian_fruit_bats.jpg,http://upload.wikimedia.org/wikipedia/commons/9/9f/Egyptian_fruit_bats.jpg,
e984622d637408f1e423b814f3e5d24b,hipposideroscaffer,head;thumbnail1,image/jpeg,,Ursula Franke,2005-01-18,Namibia,-22.498056 15.460556,http://creativecommons.org/licenses/by-sa/3.0,"http://commons.wikimedia.org/wiki/File:Hipposideros_caffer,_a,_Usakos.jpg",http://upload.wikimedia.org/wikipedia/commons/5/50/Hipposideros_caffer%2C_a%2C_Usakos.jpg,
20ef9577ae8dd87cd30d317703862a96,miniopterusschreibersii,general;flying;thumbnail1,image/jpeg,,,,,,https://creativecommons.org/licenses/by-sa/3.0/,http://commons.wikimedia.org/wiki/File:Miniopterus_scheibersii_01-cropped.jpg,http://upload.wikimedia.org/wikipedia/commons/e/ef/Miniopterus_scheibersii_01-cropped.jpg,
0e65f4fb6adbd0f60e20b4505008c172,miniopterusschreibersii,general;drawing;thumbnail2,image/jpeg,,,,,,http://en.wikipedia.org/wiki/Public_domain,http://commons.wikimedia.org/wiki/File:Miniopterus_schreibersii_dasythrix.jpg,http://upload.wikimedia.org/wikipedia/commons/d/d8/Miniopterus_schreibersii_dasythrix.jpg,
d82c9e041d4f0e5e4a14cdf4d006d3ba,procaviacapensis,general;thumbnail1,image/jpeg,,,,,-24.488883 17.8468,https://creativecommons.org/licenses/by-sa/3.0/,http://commons.wikimedia.org/wiki/File:Procavia_capensis.jpg,http://upload.wikimedia.org/wikipedia/commons/7/7c/Procavia_capensis.jpg,
2af4faf26f661fc21281256b316533f4,procaviacapensis,general;group;thumbnail2,image/jpeg,,,,,,https://creativecommons.org/licenses/by-sa/3.0/,http://commons.wikimedia.org/wiki/File:Klippschliefer_EnGedi.jpg,http://upload.wikimedia.org/wikipedia/commons/a/ae/Klippschliefer_EnGedi.jpg,
2e23a7099a62fa53c7bd204ad004680b,macroscelidesproboscideus,general;thumbnail1,image/jpeg,,,,,,https://creativecommons.org/licenses/by-sa/2.5/,http://commons.wikimedia.org/wiki/File:Macroscelides._proboscideus.6869.jpg,http://upload.wikimedia.org/wikipedia/commons/5/54/Macroscelides._proboscideus.6869.jpg,
f972fadf11f40b7d5a52bac1c1ee506f,annonasenegalensis,fruit;th1,image/jpeg,https://www.flickr.com/photos/47108884@N07/4337693176/,Ton Rulkens,2009-01-07,"Zembe village in Manica province, Mozambique",,https://creativecommons.org/licenses/by-sa/2.0/,https://www.flickr.com/photos/47108884@N07/4337693176/sizes/o/,https://farm3.staticflickr.com/2787/4337693176_315db11748_o.jpg,"title: Annona senegalensis, a wild fruit with an excellent taste, common in most of Mozambique. Picture from Zembe village in Manica province. Local name: 'Maroro'"
47b02ca2f01b0365b25e7cec45d4f21b,atilaxpaludinosus,general;front;th1,image/jpeg,https://www.flickr.com/photos/davidbygott/2895397902/,David Bygott,2008-09-28,"Kisimangeda, Lake Eyasi, Tanzania",-3.494 35.315,https://creativecommons.org/licenses/by-nc-sa/2.0/,https://www.flickr.com/photos/davidbygott/2895397902/sizes/o/,https://farm4.staticflickr.com/3165/2895397902_0d227d2206_o.jpg,"Marsh Mongoose, Kisimangeda, Lake Eyasi, Tanzania"
5a4fd591406bd8828eed825fd6cf5aba,baisseamultiflora,general;below;th1,image/jpeg,http://www.westafricanplants.senckenberg.de/root/index.php?page_id=14&id=180,Marco Schmidt,2006-10-04,Burkina Faso,,http://creativecommons.org/licenses/by-nc-sa/3.0/,http://media.eol.org/data_objects/21916329,http://media.eol.org/content/2012/08/24/08/75619_orig.jpg,Baissea multiflora A. DC.
656a3504378b54f32c196e35c24d326c,baisseamultiflora,leaf;flower;th2,image/jpeg,http://www.westafricanplants.senckenberg.de/root/index.php?page_id=14&id=180,Marco Schmidt,2006-10-04,Burkina Faso,,http://creativecommons.org/licenses/by-nc-sa/3.0/,http://media.eol.org/data_objects/21916328,http://media.eol.org/content/2012/08/24/08/09465_orig.jpg,
af887af8e80aa4a29f936a6e4d55ac89,canisaureus,general;thumbnail1,image/jpeg,,D. Gordon E. Robertson,2009-07-01,"Serengeti National Park, Tanzania",,http://creativecommons.org/licenses/by-sa/3.0/,"http://commons.wikimedia.org/wiki/File:Golden_Jackal,_Serengeti.jpg",http://upload.wikimedia.org/wikipedia/commons/2/26/Golden_Jackal%2C_Serengeti.jpg,
123c6686ab5761d5e8ec86bf5b08cc42,canisaureus,"gen,eating;thumbnail2",image/jpeg,,David Bygott,1977-01-01,"Ngorongoro, Tanzania",-3.494 35.315,http://creativecommons.org/licenses/by-nc-sa/2.0/,https://www.flickr.com/photos/davidbygott/4067440134/sizes/o/,https://farm3.staticflickr.com/2563/4067440134_bb9c1bfa66_o.jpg,"Golden jackal feeding, Ngorongoro, Tanzania"
13bb497d8596577be0e13d3ea1fc03cb,capsicumfrutescens,general;leaf;fruit;thumbnail1,image/jpeg,,Marco Schmidt,2007-05-11,Senegal,,http://creativecommons.org/licenses/by-nc-sa/3.0/,http://media.eol.org/data_objects/21918425,http://media.eol.org/content/2012/08/24/09/21318_orig.jpg,
81527764f378d05a91a095584021448c,caracalcaracal,general;female;thumbnail2,image/jpeg,,David Bygott,1986-08-01,"Near Ndutu, Serengeti NP, Tanzania",-3.369 34.117,http://creativecommons.org/licenses/by-nc-sa/2.0/,https://www.flickr.com/photos/davidbygott/3450821618/sizes/o/,https://farm4.staticflickr.com/3622/3450821618_e88e40a119_o.jpg,Adult female caracal.
2e4f62c2e0170134f560972424be8e14,cardiospermumhalicacabum,general;thumbnail1,image/jpeg,,Valter Jacinto,2011-10-01,"Algarve, Portugal",37.073 -7.735,http://creativecommons.org/licenses/by-nc-sa/2.0/,https://www.flickr.com/photos/valter/6204105982/sizes/o/,https://farm7.staticflickr.com/6156/6204105982_404faf1270_o.jpg,Balloon Vine; Love in a Puff (Cardiospermum halicacabum)
c74338c1b27caa8dc7d419d5ba264e9e,cassythafiliformis,general;thumbnail1,image/jpeg,,David Eickhoff,2011-08-06,"Barbers Point, Oʻahu, Hawaii",21.334 -158.081,http://creativecommons.org/licenses/by/2.0/,https://www.flickr.com/photos/dweickhoff/6016173263/sizes/o/,https://farm7.staticflickr.com/6130/6016173263_39580a43f4_o.jpg,"Kaunaʻoa pehu, Love vine or Devil's gut"
7b8399fc9d89667657b12833024123b8,cassythafiliformis,leaf;thumbnail2,image/jpeg,,David Eickhoff,2011-08-06,"Barbers Point, Oʻahu, Hawaii",21.334 -158.081,http://creativecommons.org/licenses/by/2.0/,https://www.flickr.com/photos/dweickhoff/6016714856/sizes/o/,https://farm7.staticflickr.com/6022/6016714856_14eb405421_o.jpg,"Kaunaʻoa pehu, Love vine or Devil's gut"
c148277cca684c0f70c199e361dcfc4e,ceibapentandra,fruit;thumbnail2,image/jpeg,,Reinaldo Aguilar,2005-01-02,"Osa peninsula, Costa Rica ?",8.666 -83.5,http://creativecommons.org/licenses/by-nc-sa/2.0/,https://www.flickr.com/photos/plantaspinunsulaosa/6576502245/sizes/o/,https://farm8.staticflickr.com/7032/6576502245_f7d4dbe984_o.jpg,Ceiba pentandra (L.) Gaertn.
8ccf36e4c1647d6f63db582e045acee1,ceibapentandra,bark;thumbnail4,image/jpeg,,Marco Schmidt,2006-10-12,Burkina Faso,,http://creativecommons.org/licenses/by-nc-sa/3.0/,http://media.eol.org/data_objects/21916434,http://media.eol.org/content/2012/08/24/08/57487_orig.jpg,
6c91e3f0d3f3816772c10b2f75a56404,celosiaargentea,general;thumbnail1,image/jpeg,,Marco Schmidt,2004-10-02,Burkina Faso,,http://creativecommons.org/licenses/by-nc-sa/3.0/,http://media.eol.org/data_objects/21916444,http://media.eol.org/content/2012/08/24/08/80176_orig.jpg,
5ca274d6df707e8271d76c761d601694,celosiaargentea,flower;thumbnail2,image/jpeg,,Marco Schmidt,2004-10-02,Burkina Faso,,http://creativecommons.org/licenses/by-nc-sa/3.0/,http://media.eol.org/data_objects/21916446,http://media.eol.org/content/2012/08/24/08/64462_orig.jpg,
ee07e33f50237317b42f21a04d2b03f5,celtistoka,fruit;leaf;thumbnail3,image/jpeg,,Marco Schmidt,2006-10-07,Burkina Faso,,http://creativecommons.org/licenses/by-nc-sa/3.0/,http://media.eol.org/data_objects/21916450,http://media.eol.org/content/2012/08/24/08/91266_orig.jpg,
e3f6f557e39da8c17eb5b7d3f1d16f0a,centropussenegalensis,general;thumbnail1,image/jpeg,,ThomHasi,2007-01-15,Senegal,,http://creativecommons.org/licenses/by/2.5/,http://commons.wikimedia.org/wiki/File:Senegal_Coucal_-Centropus_senegalensis_-on_tree.jpg,http://upload.wikimedia.org/wikipedia/commons/e/e0/Senegal_Coucal_-Centropus_senegalensis_-on_tree.jpg,
9173e6f1df192f2335fe18fe3defbfdd,cerastesvipera,general;thumbnail1,image/jpeg,,LA Dawson,unknown,unknown,,http://creativecommons.org/licenses/by-sa/2.5/,http://commons.wikimedia.org/wiki/File:Cerastes_vipera.jpg,http://upload.wikimedia.org/wikipedia/commons/a/a6/Cerastes_vipera.jpg,
430dbe279f77fffbb328557f334b915d,ciconiaciconia,general;thumbnail1,image/jpeg,,Dick Daniels,2010-09-29,"Plettenberg Bay, South Africa",,http://creativecommons.org/licenses/by-sa/3.0/,http://commons.wikimedia.org/wiki/File:White_Stork_RWD.jpg,http://upload.wikimedia.org/wikipedia/commons/0/06/White_Stork_RWD.jpg,
581797c0512ab0a7e647a5415fd9815b,ciconiaciconia,nest;thumbnail2,image/jpeg,,Bogdan Giuşcă,2006-07,Romania,,http://creativecommons.org/licenses/by/2.5/,http://commons.wikimedia.org/wiki/File:Berze_pe_un_stâlp.jpg,http://upload.wikimedia.org/wikipedia/commons/4/49/Berze_pe_un_st%C3%A2lp.jpg,
73b0dabf6c8d9bc9374e60ebc937fed4,cissuspopulnea,leaf;fruit;thumbnail1,image/jpeg,,Marco Schmidt,2006-10-04,Burkina Faso,,http://creativecommons.org/licenses/by-nc-sa/3.0/,http://media.eol.org/data_objects/21916482,http://media.eol.org/content/2012/08/24/08/14082_orig.jpg,
2e52589213a8f046d835dfc7c2f91aa7,citrussinensis,leaf;fruit;thumbnail1,image/jpeg,,Mifa,2002-11-16,"Amposta, Spain (?)",,http://creativecommons.org/licenses/by-sa/3.0/,http://commons.wikimedia.org/wiki/File:Oranges.jpg,http://upload.wikimedia.org/wikipedia/commons/8/83/Oranges.jpg,
44247f2242b4750fb2ca089bcfc2e45e,clematishirsuta,general;flower;thumbnail1,image/jpeg,,Marco Schmidt,2006-10-10,Burkina Faso,,http://creativecommons.org/licenses/by-nc-sa/3.0/,http://media.eol.org/data_objects/21916486,http://media.eol.org/content/2012/08/24/08/71243_orig.jpg,
f8aa8d43da8466a70ed8c3ad26b633d8,columbalivia,general;group;thumbnail1,image/jpeg,,Mike Pennington,2010-01-24,"Baltasound, Shetland, UK",60.757847 -0.861962,http://creativecommons.org/licenses/by-sa/2.0/,http://commons.wikimedia.org/wiki/File:Columba_livia_Baltasound_Shetland_1.jpg,http://upload.wikimedia.org/wikipedia/commons/b/b7/Columba_livia_Baltasound_Shetland_1.jpg,
314e5de6cfa7eef924a60e03a69792a6,columbalivia,thumbnail2,image/jpeg,,J.M.Garg,2006-11-20,"Kolkata, West Bengal, India",,http://creativecommons.org/licenses/by-sa/3.0/,http://commons.wikimedia.org/wiki/File:Blue_Rock_Pigeon_(Columba_livia)_in_Kolkata_I_IMG_9762.jpg,http://upload.wikimedia.org/wikipedia/commons/4/43/Blue_Rock_Pigeon_%28Columba_livia%29_in_Kolkata_I_IMG_9762.jpg,
350da984d4c7eb4b2844bfb24301d5c9,commelinaerecta,flower;thumbnail2,image/jpeg,,Mary Keim,2013-05-11,"Orlando Wetlands Park, Orange County, Florida, US",28.56 -81.02,http://creativecommons.org/licenses/by-nc-sa/2.0/,https://www.flickr.com/photos/38514062@N03/8733723726/sizes/o/,https://farm8.staticflickr.com/7313/8733723726_68682b2c50_o.jpg,title 'Whitemouth Dayflower (Commelina erecta)'
9a303804cb118578b3ce23fbc5c19d0c,commelinaerecta,general;thumbnail1,image/jpeg,,Steven J. Baskauf,2003-06-26,"Sycamore Creek, Ashland City, Cheatham County, Tennessee, US",,http://creativecommons.org/licenses/by-nc-sa/3.0/,http://media.eol.org/data_objects/20820740,http://media.eol.org/content/2012/07/15/06/45796_orig.jpg,
